<launch>

  <!-- OMPL Plugin for MoveIt! -->
  <arg name="planning_plugin" value="ompl_interface/OMPLPlanner" />

  <!-- The request adapters (plugins) used when planning with OMPL.
       ORDER MATTERS -->
  <arg name="planning_adapters" value="
               industrial_trajectory_filters/UniformSampleFilter
               industrial_trajectory_filters/AddSmoothingFilter
               default_planner_request_adapters/AddTimeParameterization
               default_planner_request_adapters/FixWorkspaceBounds
               default_planner_request_adapters/FixStartStateBounds
               default_planner_request_adapters/FixStartStateCollision
               default_planner_request_adapters/FixStartStatePathConstraints" />

  <arg name="start_state_max_bounds_error" value="0.1" />

  <param name="planning_plugin" value="$(arg planning_plugin)" />
  <param name="request_adapters" value="$(arg planning_adapters)" />
  <param name="start_state_max_bounds_error" value="$(arg start_state_max_bounds_error)" />

  <param name="sample_duration" value="0.04" />

  <rosparam command="load" file="$(find open_manipulator_moveit)/config/ompl_planning.yaml"/>
  <rosparam command="load" file="$(find open_manipulator_moveit)/config/smoothing_filter_params.yaml"/>

</launch>
