episode,reward,success,collision,steps,goal_x,goal_y,dist,min_scan,r_progress,r_time,r_collision_avoid,r_yaw,r_terminal,epsilon
1,-60.127458001776944,0,1,18,-0.7,-0.5,0.5944759131920384,0.18,27.74196589340457,-0.9000000000000002,-66.34909570495648,0.0021181831184858835,-25.0,0.8975950752522426
2,-308.44297936820584,0,1,48,-1.0,-0.5,1.5104981084545288,0.17,-21.28312910648029,-2.3999999999999995,-199.77369211066784,-0.8280902366549592,-25.0,0.8908413655089447
3,-51.82313890806237,0,1,16,-1.0,-0.5,0.7438512148704406,0.18,9.766980925527541,-0.8000000000000002,-37.61556582381308,-0.4002147503494986,-25.0,0.8886021088700727
4,-29.27527663264039,0,1,16,-0.7,-0.5,0.609499138557483,0.14,27.185881167323565,-0.8000000000000002,-37.40756907939651,0.3458951610500295,-25.0,0.8863688156275088
5,-52.957395637036974,0,1,18,-0.7,-0.5,0.6882605139561518,0.18,23.526586769701648,-0.9000000000000002,-54.577607969544545,0.2021411724325649,-25.0,0.883863469079458
6,-108.48060556202691,0,1,25,-1.0,-0.5,0.5020140070318151,0.19,18.975946252974477,-1.2500000000000004,-97.88422387365117,-0.2777068903095219,-25.0,0.8803962663135955
7,-252.74954133086848,0,1,33,-1.0,-0.5,1.535402860890348,0.13,-21.89827605252461,-1.6500000000000008,-176.18153079806945,-0.7815138072328853,-25.0,0.8758416235978284
8,-39.66917571449581,0,1,12,-1.0,-0.5,0.5433666797813431,0.17,17.179466773595095,-0.6,-34.545904445631884,0.16359754629081913,-25.0,0.8741915909333081
9,-35.23301053880701,0,1,20,-0.7,-0.5,0.6519072988203622,0.12,24.66019707444153,-1.0000000000000002,-38.925052497145955,-0.09464439812987191,-25.0,0.8714488593890034
10,-85.79690466827871,0,1,18,-0.7,-0.5,0.7113974095114487,0.12,22.63417037204253,-0.9000000000000002,-83.78448245599816,0.1658560111745101,-25.0,0.8689882056369544
11,-33.11653183653922,0,1,13,-0.7,-0.5,0.588483319023942,0.18,27.41568143828362,-0.65,-39.915804545590845,0.009316960074365443,-25.0,0.8672156521511135
12,-24.77716821160398,0,1,10,-1.0,-0.5,0.41053748547204494,0.15,22.30218855482503,-0.49999999999999994,-26.468108227954872,0.24747469233539765,-25.0,0.865854760455629
13,-19.34680713837771,0,1,11,-0.7,-0.5,0.43900927402525425,0.18,33.3755601742031,-0.5499999999999999,-34.06800875372179,0.5371368156166276,-25.0,0.8643603969798733
14,11.939191411726519,1,0,22,-1.0,-0.5,0.23246696748744472,0.24,30.222315315425806,-1.1000000000000003,-73.96269437419573,0.6268277092807484,50.0,0.8613798764844748
15,-93.97848870472936,0,1,19,-0.7,-0.5,0.8887544592637924,0.17,15.66042640415951,-0.9500000000000003,-82.68920155855577,0.029997146999081514,-25.0,0.8588145707533742
16,-37.72689654789642,0,1,10,-1.0,-0.5,0.5571171433490929,0.17,16.82109307353145,-0.49999999999999994,-32.06695327118579,-0.208267277997088,-25.0,0.8574676691985303
17,-128.5570849674166,0,1,34,-0.7,-0.5,0.46464969347583374,0.19,32.370423049220165,-1.7000000000000008,-134.5804166069136,0.4493095917875355,-25.0,0.8529049589615448
18,-22.363053856741224,0,1,19,-0.7,-0.5,0.7259049408053443,0.15,22.529759591627865,-0.9500000000000003,-25.69283765538953,-0.0021376971741675632,-25.0,0.8503664480217895
19,-257.9765581705322,0,1,33,-1.0,-0.5,1.5304065801133317,0.12,-22.16064406030356,-1.6500000000000008,-171.90730394387964,-0.9535467638535478,-25.0,0.8459765159371839
20,-33.90885305973003,0,1,16,-0.7,-0.5,0.4796281275902849,0.14,31.806502864332604,-0.8000000000000002,-46.480082711612795,0.2281051623903625,-25.0,0.8438567395194054
21,-24.20677331798653,0,1,10,-0.7,-0.5,0.5646910275446115,0.15,28.149921360086864,-0.49999999999999994,-31.83019970914728,0.13173601567260385,-25.0,0.842534746920056
22,-80.02766553820314,0,1,23,-1.0,-0.5,0.3604399243374505,0.19,24.32227840330258,-1.1500000000000004,-78.84702103094199,-0.35968605558304434,-25.0,0.8395025125524828
23,-50.58435697355757,0,1,27,-1.0,-0.5,0.3212469511692368,0.13,26.209537743328884,-1.3500000000000005,-55.420980440827584,-0.14673143858480286,-25.0,0.835957732981844
24,-17.696053058743335,0,1,8,-0.7,-0.5,0.5902431683799229,0.17,27.492126403055057,-0.39999999999999997,-24.774255470296453,0.5091052770998318,-25.0,0.8349104876565658
25,-73.30711735322888,0,1,16,-1.0,-0.5,0.5142573312334093,0.19,18.38858671217407,-0.8000000000000002,-67.03825900422734,-0.11694976024116688,-25.0,0.8328201813366081
26,-23.97184988068195,0,1,18,-0.7,-0.5,0.6112162867874648,0.12,27.117279670692135,-0.9000000000000002,-32.14091562179801,0.16596130566785705,-25.0,0.8304752399633639
27,-54.43713538877289,0,1,12,-0.7,-0.5,0.9053227693078065,0.18,14.885710482466108,-0.6,-45.77202211823794,0.07106615487839629,-25.0,0.8289158493938036
28,-330.68686312677494,0,1,50,-0.7,-0.5,1.0436390387645822,0.13,9.820364763889451,-2.499999999999999,-263.2036819175406,-0.6995917235066371,-25.0,0.8224518547007431
29,-97.31403906132661,0,1,19,-1.0,-0.5,1.2969924087400069,0.18,-12.360041214385433,-0.9500000000000003,-49.119081794761044,-0.6870300390281534,-25.0,0.8200096260637095
30,16.680738270601424,1,0,30,-0.7,-0.5,0.24162420104866855,0.37,41.498107720387104,-1.5000000000000007,-78.40929537515093,0.6522072878926832,50.0,0.8161691870318818
31,53.71902561690091,1,0,11,-1.0,-0.5,0.2383983370106618,0.37,29.187779238792256,-0.5499999999999999,-31.71783494855722,0.6388814860877582,50.0,0.8147658303257072
32,-65.18847769458748,0,1,24,-1.0,-0.5,0.524980744228672,0.12,18.566696772841887,-1.2000000000000004,-58.0565363673751,-0.5216357929754234,-25.0,0.8117128769816958
33,-48.614736613807075,0,1,19,-0.7,-0.5,0.9149563127813399,0.16,14.505207761005458,-0.9500000000000003,-40.00558545254258,-0.35602074765141256,-25.0,0.8093046013201886
34,17.929183963141508,1,0,17,-1.0,-0.5,0.2486951865286559,0.23,29.17947293738354,-0.8500000000000002,-64.7543254907746,0.18885854214462916,50.0,0.8071562831710108
35,-35.11503670432489,0,1,18,-0.7,-0.5,0.6712763480105928,0.12,24.25079900622966,-0.9000000000000002,-39.28037825253686,-0.11273320584633728,-25.0,0.8048882181201227
36,67.55436702746468,1,0,10,-1.0,-0.5,0.1745041107123167,0.31,32.076341380371304,-0.49999999999999994,-20.442610403973525,0.2700439773091514,50.0,0.8036311189635481
37,-35.2355822521456,0,1,21,-0.7,-0.5,0.4352990260611735,0.19,33.32129318056032,-1.0500000000000003,-48.62164468383355,0.15489461258621995,-25.0,0.8009980206571659
38,-328.7966912771181,0,1,55,-0.7,-0.5,1.6459890740248295,0.15,-14.31856724406869,-2.7499999999999982,-215.48525341657736,-0.9587591509686719,-25.0,0.7941453282924554
39,-60.54633293922312,0,1,17,-1.0,-0.5,0.6978558894605473,0.12,11.606760739192177,-0.8500000000000002,-46.77918646974594,-0.3378447312257429,-25.0,0.7920399006266453
40,-32.737592219118724,0,1,16,-1.0,-0.5,0.49249476338660075,0.17,19.821223990795456,-0.8000000000000002,-32.25430892394246,-0.19627268071352866,-25.0,0.7900637635787489
41,-46.04055918176631,0,1,14,-1.0,-0.5,0.6011123730150512,0.12,15.465902669958343,-0.7000000000000001,-39.12693596813286,-0.16335630843782734,-25.0,0.78833896118241
42,36.44668436911883,1,0,24,-0.7,-0.5,0.24386995496114133,0.25,40.96891267894811,-1.2000000000000004,-60.50219332029461,0.14037619837988402,50.0,0.7853915041816235
43,-37.10282824615354,0,1,18,-1.0,-0.5,0.4080554893505916,0.17,22.904531071621708,-0.9000000000000002,-39.21931172907861,-0.37781218275223427,-25.0,0.7831886356240663
44,-24.552290256808092,0,1,11,-0.7,-0.5,0.764723688886108,0.19,20.371911287503515,-0.5499999999999999,-24.333729755808527,0.0689371401929636,-25.0,0.781845687870346
45,-106.56472870293648,0,1,32,-0.7,-0.5,0.7254042440768881,0.18,21.707537413422614,-1.6000000000000008,-95.3900765602519,0.15405225221721652,-25.0,0.7779529008610715
46,-183.86621295356701,0,1,31,-1.0,-0.5,1.3836313976228494,0.16,-15.779417911131972,-1.5500000000000007,-120.95776134927678,-0.8186473969751316,-25.0,0.774201510310648
47,-105.11880744301334,0,1,21,-1.0,-0.5,0.5086968090791683,0.17,18.389736835688964,-1.0500000000000003,-95.99087999911812,-0.32192156144662043,-25.0,0.7716712355883131
48,-122.17014217003313,0,1,30,-0.7,-0.5,0.8082036468536995,0.19,18.730284702783003,-1.5000000000000007,-106.66916538789201,0.03799623652733908,-25.0,0.7680718852847738
49,58.65131584717813,1,0,18,-1.0,-0.5,0.2271317892523722,0.32,29.879545469866827,-0.9000000000000002,-28.686110779380343,0.47991288593158477,50.0,0.7659208977235018
50,-48.79053369444049,0,1,24,-0.7,-0.5,0.6608191890838551,0.19,24.30483912136866,-1.2000000000000004,-50.81083687448097,0.039846989042290226,-25.0,0.7630629338709304
51,-936.1020251949662,0,1,90,-1.0,-0.5,0.5098973341165491,0.13,19.125114085288534,-4.499999999999992,-719.3022792736807,-0.20907707971079925,-25.0,0.7524468098446426
52,-70.09568586453992,0,1,23,-1.0,-0.5,0.6697047293818795,0.19,12.166828217503411,-1.1500000000000004,-53.579679476435686,-0.11211525751360818,-25.0,0.7497592515180447
53,-86.61147682851455,0,1,21,-0.7,-0.5,0.7168469592909259,0.13,22.49072397448464,-1.0500000000000003,-82.15620500916422,-0.7734977677333355,-25.0,0.7473143751671564
54,-330.27447744622503,0,1,43,-1.0,-0.5,1.2857158291983366,0.15,-11.862786048659979,-2.1500000000000004,-239.27140696767412,-0.30766610380293025,-25.0,0.7423348201967074
55,-78.29638971572169,0,1,23,-0.7,-0.5,1.0645675630166664,0.19,8.388226765267277,-1.1500000000000004,-58.640451812169374,-0.26978468908267583,-25.0,0.7396859502968998
56,45.05442149867128,1,0,14,-1.0,-0.5,0.2007074232077917,0.39,31.537543553909043,-0.7000000000000001,-43.74409327414755,0.3466868826198036,50.0,0.7380785590985509
57,-104.93670198987138,0,1,20,-0.7,-0.5,0.532192725019732,0.18,29.35597141478389,-1.0000000000000002,-109.03072013055926,-0.16785615901622086,-25.0,0.735788782316356
58,-171.34225845883768,0,1,28,-1.0,-0.5,0.36397186972421336,0.16,24.40209889320093,-1.4000000000000006,-160.85439140831994,-0.6105239177291995,-25.0,0.7325958905408612
59,-61.77490164965423,0,1,17,-0.7,-0.5,0.6177208696147196,0.19,26.847543674223495,-0.8500000000000002,-68.54254773890924,0.41312211146897715,-25.0,0.7306646061292384
60,-126.62927469299117,0,1,29,-1.0,-0.5,0.30860883914723086,0.19,26.612702319357737,-1.4500000000000006,-124.32133006609216,-0.3795993900185126,-25.0,0.7273826649466187
61,-140.81659482163172,0,1,32,-0.7,-0.5,0.4720370198070021,0.19,32.063439753177164,-1.6000000000000008,-141.95462600648017,-0.5152460942995751,-25.0,0.7237795741829288
62,-47.46731843651003,0,1,12,-1.0,-0.5,0.5606436996958648,0.15,16.31260717507569,-0.6,-40.61070694982028,-0.2909244749765467,-25.0,0.7224333616957875
63,67.47109169291488,1,0,8,-1.0,-0.5,0.21123908049896006,0.4,30.487166884754153,-0.39999999999999997,-19.192918304981674,0.8038366946064086,50.0,0.7215373813331727
64,-142.80783256868818,0,1,22,-0.7,-0.5,1.0299877769595172,0.17,9.443847097640216,-1.1000000000000003,-119.52101026107076,-0.8718523442110282,-25.0,0.7190795863127952
65,69.58102198081656,1,0,8,-1.0,-0.5,0.14304214569763396,0.4,33.2113168190342,-0.39999999999999997,-19.370874973197182,0.524762106656784,50.0,0.7181880746708819
66,-57.10395356910697,0,1,16,-1.0,-0.5,0.4640451527147282,0.16,20.497245892352105,-0.8000000000000002,-54.66880049455794,-0.3507659438037265,-25.0,0.7164086134745168
67,53.47239337291811,1,0,15,-1.0,-0.5,0.2264067452320912,0.21,30.500381890699067,-0.7500000000000001,-33.32136286887037,0.17055259480189178,50.0,0.7147446727333926
68,-245.45210045490805,0,1,37,-0.7,-0.5,1.4369274008631758,0.19,-6.293758327741449,-1.850000000000001,-185.8818138521423,-0.7166344316027351,-25.0,0.7106580273586042
69,-36.62085152485143,0,1,12,-1.0,-0.5,0.5993961991758248,0.19,15.12842416776645,-0.6,-29.352715825197663,-0.20592455363469253,-25.0,0.7093380317395046
70,-46.337622183131074,0,1,15,-0.7,-0.5,0.4650348900974562,0.19,32.13563030559967,-0.7500000000000001,-59.13271535308002,0.22958669533771314,-25.0,0.7076917453755516
71,-160.16953746021994,0,1,23,-0.7,-0.5,1.6716119032943977,0.12,-15.803234300068416,-1.1500000000000004,-102.42783184788624,-0.9679656829256884,-25.0,0.7051754197237777
72,-143.23905611976633,0,1,19,-0.7,-0.5,1.6544732925493455,0.19,-15.122426496646328,-0.9500000000000003,-91.5741546347137,-0.943428530659359,-25.0,0.7031039790733442
73,67.46327127339026,1,0,8,-1.0,-0.5,0.19700549462057282,0.37,31.100625578553885,-0.39999999999999997,-19.11483157812883,0.5034467212423674,50.0,0.702233754046853
74,-29.00045418014211,0,1,11,-0.7,-0.5,0.6632303607397213,0.19,24.9918309676533,-0.5499999999999999,-34.145788928155085,0.42538488493300985,-25.0,0.7010390876099514
75,-26.206791658174716,0,1,10,-0.7,-0.5,0.7504311897132376,0.12,20.799311757980867,-0.49999999999999994,-25.19950660641473,-0.08926607964321942,-25.0,0.6999549261827541
76,-130.64396829352367,0,1,23,-0.7,-0.5,0.7478615297139419,0.19,21.023324289726038,-1.1500000000000004,-116.02617429999033,-0.5558049916736374,-25.0,0.6974682015663207
77,69.85381046503008,1,0,7,-1.0,-0.5,0.22180157936273692,0.31,29.851648132305684,-0.35,-15.077876407354617,0.6633134826773492,50.0,0.6967132624645991
78,61.78633670203514,1,0,11,-0.7,-0.5,0.2149780235008314,0.37,42.12459084822235,-0.5499999999999999,-37.92798432203116,0.747394099380589,50.0,0.6955287076571057
79,-29.050267420431737,0,1,9,-1.0,-0.5,0.3772388760499862,0.19,23.634153317984488,-0.44999999999999996,-31.555907647217424,-0.09543457111285991,-25.0,0.6945611404524424
80,-47.70145621789386,0,1,16,-1.0,-0.5,0.29170384821427164,0.16,27.28414513215606,-0.8000000000000002,-55.03900803585058,0.1240143043436851,-25.0,0.692844600481739
81,-22.342923959565045,0,1,10,-0.7,-0.5,0.7451851672278784,0.13,21.71359041057476,-0.49999999999999994,-22.700297640918954,0.0858783680009243,-25.0,0.6917740851581768
82,-70.65037979783905,0,1,13,-1.0,-0.5,0.9597537754745342,0.17,0.6056997755132656,-0.65,-44.861200265335405,-0.564301973747726,-25.0,0.6903850799393717
83,-26.73793268198462,0,1,12,-0.7,-0.5,0.6474917186609077,0.19,25.6661742999265,-0.6,-32.101833534205895,0.12956127347276258,-25.0,0.6891055896962328
84,-30.410801743903342,0,1,15,-0.7,-0.5,0.6974985962351387,0.17,23.061289044071454,-0.7500000000000001,-32.48709920934316,0.2716951262435253,-25.0,0.6875098212636623
85,-29.037630912497924,0,1,16,-1.0,-0.5,0.35653379215940956,0.13,24.842998766329227,-0.8000000000000002,-33.564975070279644,-0.3564303813650369,-25.0,0.6858120597617092
86,-37.77005972648983,0,1,16,-0.7,-0.5,0.8824432847364999,0.13,15.345627425333067,-0.8000000000000002,-31.386099972765294,-0.21356790968651906,-25.0,0.6841188195926383
87,75.16817120598213,1,0,10,-0.7,-0.5,0.17336170826601424,0.4,44.049377912747765,-0.49999999999999994,-25.332202604003903,0.5099601995319192,50.0,0.6830628351248146
88,-184.0849812535888,0,1,43,0.0,0.5,1.043523786866123,0.16,46.667342371237034,-2.1500000000000004,-188.4612485705975,0.0563278466838264,-25.0,0.6785421034440763
89,-61.32383258211967,0,1,16,0.0,0.5,1.7382769227589832,0.19,19.518418333428514,-0.8000000000000002,-55.78907913640311,-0.20696971296352662,-25.0,0.6768682239994135
90,-84.20525226276325,0,1,20,-0.7,-0.5,1.5482064831218367,0.18,-10.377362213062673,-1.0000000000000002,-43.360272242443905,-0.8845440690877375,-25.0,0.6747821419876587
91,-64.84239494712719,1,0,30,-0.7,-0.5,0.24428995558743521,0.4,41.77934392498269,-1.5000000000000007,-158.45149125428003,0.277546157959098,50.0,0.6716660280544547
92,-112.33409219253382,0,1,25,0.0,0.5,2.7465401064150567,0.17,-20.824730734908847,-1.2500000000000004,-49.50381955571562,-0.871554519903267,-25.0,0.6690811418568464
93,-16.68374291370339,0,1,14,-1.0,-0.5,0.35070738049979894,0.19,25.537627554436398,-0.7000000000000001,-23.649038498038756,-0.00340543569586349,-25.0,0.6676383031589492
94,-36.04781270728114,0,1,10,0.0,0.5,1.7352505068648045,0.14,19.099664645537725,-0.49999999999999994,-31.962343372896473,0.09433846552447545,-25.0,0.66660976334162
95,-88.01731204082492,0,1,22,-1.0,-0.5,0.370687025724036,0.19,23.89622749411278,-1.1000000000000003,-85.8332190078898,-0.29387107687832015,-25.0,0.664353000802432
96,-105.82644585647336,0,1,26,0.0,0.5,1.467785302400722,0.17,29.899501276226736,-1.3000000000000005,-115.93326034634526,0.5421553677770052,-25.0,0.6616965642350141
97,-85.59122596527281,0,1,22,-0.7,-0.5,0.5758798923789927,0.19,27.91979055660368,-1.1000000000000003,-90.9377263240909,-0.004360389442367163,-25.0,0.6594577837719308
98,-27.30055702016038,0,1,14,0.0,0.5,1.484386948045917,0.15,29.64481078618062,-0.7000000000000001,-37.83679641175198,0.5906935277703227,-25.0,0.6580373733996759
99,-66.70156011394073,0,1,21,-1.0,-0.5,0.6812797474354514,0.18,12.259209866933208,-1.0500000000000003,-50.331827499006394,-0.10778636698523325,-25.0,0.6559129624805546
100,-333.0597598950842,0,1,47,-1.0,-0.5,1.4173561847786884,0.12,-17.128409480830413,-2.3499999999999996,-229.6022401021119,-0.7223464973287119,-25.0,0.6511851855757795
101,-270.3177831724178,0,1,61,0.0,0.5,0.5090702089871851,0.14,68.37424528588001,-3.049999999999997,-262.8269529779884,0.5004996742758117,-25.0,0.6451041007491778
102,-40.379813309484966,0,1,16,-0.7,-0.5,0.9241003361639344,0.13,14.094742764496928,-0.8000000000000002,-31.421080086390592,-0.18701915913454026,-25.0,0.6435192705266353
103,-66.42474217667271,0,1,14,0.0,0.5,1.73400637601231,0.15,19.150575052055558,-0.7000000000000001,-60.25806869549038,-0.28195511497384085,-25.0,0.6421360066641711
104,-18.626670950081415,0,1,8,-0.7,-0.5,0.6391792800735611,0.18,25.15654493180047,-0.39999999999999997,-23.315062558885828,0.37426241417668105,-25.0,0.6413470180978837
105,-14.363219625415475,0,1,14,0.0,0.5,1.3892004174342476,0.13,33.481481609644405,-0.7000000000000001,-30.936220882709126,0.987159937961055,-25.0,0.6399688169156629
106,-191.7163633116914,0,1,32,-1.0,-0.5,0.9283728727510171,0.19,1.9431569846281214,-1.6000000000000008,-145.09562430698995,-0.14340428452276233,-25.0,0.636830692329523
107,-151.07615866163786,0,1,35,0.0,0.5,2.0423189531558092,0.19,7.349183319093271,-1.7500000000000009,-109.51916835346366,-0.17496948158048653,-25.0,0.6334174781775463
108,-74.9914405460052,0,1,22,0.0,0.5,1.9161866722300143,0.17,12.372823951814675,-1.1000000000000003,-57.71645576497596,0.18930486089575016,-25.0,0.6312821978305024
109,-28.667467542607792,0,1,12,-1.0,-0.5,0.5259124951499026,0.15,17.907787635326194,-0.6,-25.95388008172629,-0.028893185591499337,-25.0,0.6301207952245815
110,-85.53446451854111,0,1,27,0.0,0.5,2.0389793313630853,0.18,6.951667315920407,-1.3500000000000005,-57.15827653685775,-0.42573743284742527,-25.0,0.627516116568441
111,64.39372929212857,1,0,8,-1.0,-0.5,0.17961961260353349,0.29,31.64654680078795,-0.39999999999999997,-21.79264134039513,0.17973730252333542,50.0,0.6267466081992638
112,-44.53577618151925,0,1,14,0.0,0.5,2.128260551545199,0.18,3.2795020283166743,-0.7000000000000001,-21.554515212723807,-0.16630242413355356,-25.0,0.6254024349254746
113,-44.420833298186054,0,1,18,-1.0,-0.5,0.7060070156301063,0.12,10.81622582727671,-0.9000000000000002,-30.408891424565823,-0.18766405808672482,-25.0,0.6236788143442852
114,-54.09452933350721,0,1,20,-1.0,-0.5,0.6222871568073041,0.16,13.858143928288744,-1.0000000000000002,-43.382399447071016,-0.18684784354829165,-25.0,0.6217697351960502
115,-278.91050177722076,0,1,45,0.0,0.5,1.7545830070558457,0.16,18.837004942855252,-2.25,-233.898142349541,-0.3980628757026665,-25.0,0.6174975030785896
116,-98.63837133104505,0,1,30,-1.0,-0.5,0.6191591567678136,0.17,13.957462622808475,-1.5000000000000007,-78.51630970118285,-0.5170951960893617,-25.0,0.6146670974738843
117,-127.20188954226356,0,1,23,-0.7,-0.5,1.5493961901828324,0.14,-10.458046867893875,-1.1500000000000004,-80.70660911743713,-0.4556808063625368,-25.0,0.6125066837054632
118,-45.636228575575515,0,1,22,0.0,0.5,1.1652290278320503,0.13,41.90116619343748,-1.1000000000000003,-68.0384852948382,0.9431289253549403,-25.0,0.6104479358761232
119,-27.1127277830333,0,1,15,0.0,0.5,1.4805742778056317,0.17,29.379625798635587,-0.7500000000000001,-37.262266544836706,0.3811401237230517,-25.0,0.6090485659776445
120,-28.758275749410185,0,1,10,0.0,0.5,1.7379522861774197,0.13,18.992738818488924,-0.49999999999999994,-24.710629304676207,0.11720971447507234,-25.0,0.6081175943928383
121,70.2197552767153,1,0,7,-1.0,-0.5,0.2214521225553374,0.35,29.86772860557531,-0.35,-14.736890815440098,0.6664434050740615,50.0,0.6074668368817409
122,1.3917369180799213,1,0,26,0.0,0.5,0.24554429438112102,0.45,78.78275046167782,-1.3000000000000005,-128.63064984357314,0.34815118552105406,50.0,0.6050563736974134
123,-24.67106907024776,0,1,12,0.0,0.5,1.3643508407301626,0.19,33.841019071794584,-0.6,-39.51352223820147,0.6402435649084385,-25.0,0.6039473703230608
124,-70.93909659820689,0,1,14,0.0,0.5,2.11778805361476,0.15,3.891074167323989,-0.7000000000000001,-47.6014747873583,-0.23759904553337918,-25.0,0.6026563332546351
125,-30.579633368821877,0,1,19,0.0,0.5,1.5025720640142015,0.19,28.499714221126837,-0.9500000000000003,-41.42139867382691,0.828321796908722,-25.0,0.6009090229008586
126,-61.12252391094569,0,1,16,0.0,0.5,1.4547411794356964,0.16,30.304337836404763,-0.8000000000000002,-65.27937804730061,-0.23054331296658725,-25.0,0.5994418892207755
127,-62.093862223784,0,1,16,0.0,0.5,1.862036809114763,0.16,14.01278758594275,-0.8000000000000002,-49.92119801646888,0.021927260752359623,-25.0,0.5979786626853312
128,-78.57768261976524,0,1,23,0.0,0.5,1.7214357005876648,0.14,19.718417944886475,-1.1500000000000004,-72.74203987072974,-0.4437381359847006,-25.0,0.5958820987931502
129,-118.27769868423155,0,1,19,-0.7,-0.5,1.597415036165376,0.17,-12.375605608655986,-0.9500000000000003,-68.6444200568679,-0.636795294589704,-25.0,0.5941562062524001
130,-63.82072081182707,0,1,22,0.0,0.5,1.6075016845663035,0.18,24.749427833242947,-1.1000000000000003,-64.44623440690695,-0.07514719422313942,-25.0,0.5921646203016976
131,-108.13055279387486,0,1,23,-1.0,-0.5,0.705912441647018,0.18,11.32756276373675,-1.1500000000000004,-89.83619525805551,-0.9608085205128893,-25.0,0.5900903009094565
132,-75.67177789074798,0,1,14,0.0,0.5,1.6987141709637428,0.14,20.46083636591519,-0.7000000000000001,-70.89643203265895,-0.22530062635489934,-25.0,0.5888315593102958
133,-72.24216973110691,0,1,16,0.0,0.5,1.8871504641807815,0.15,13.082809482746535,-0.8000000000000002,-57.88378210679274,-0.29583932484590014,-25.0,0.5873965892958402
134,-66.656118008199,0,1,13,0.0,0.5,1.6812688075453384,0.19,21.29610447124289,-0.65,-62.06253005996602,-0.761164075751438,-25.0,0.586233490497739
135,49.00655304467358,1,0,23,-1.0,-0.5,0.23908387322909985,0.26,29.95776340070407,-1.1500000000000004,-36.167931992609,-0.03235642814355355,50.0,0.5841818635813798
136,-211.7576775681187,0,1,39,0.0,0.5,2.8207842962830383,0.19,-24.535146849524985,-1.950000000000001,-123.69586478514519,-0.9722600401346311,-25.0,0.5807209416496997
137,-18.72331524167613,0,1,10,-0.7,-0.5,0.6363257914072838,0.18,25.27069089265575,-0.49999999999999994,-23.853086034508014,0.2360506314393337,-25.0,0.5798371434500327
138,-25.94710341213477,0,1,15,-1.0,-0.5,0.511990324215367,0.19,18.47657758597375,-0.7500000000000001,-24.332964323076112,-0.3927735411516933,-25.0,0.5785142049535587
139,-153.0329495291927,0,1,26,0.0,0.5,2.8495327909567525,0.15,-25.432238755666177,-1.3000000000000005,-79.22383529864382,-0.7260586525806192,-25.0,0.5762289317334318
140,-16.984386219192956,0,1,12,-0.7,-0.5,0.5826833255216102,0.12,28.25856034965625,-0.6,-25.569074819873414,0.25631226466405377,-25.0,0.5751775256265405
141,-11.261698677552488,0,1,10,0.0,0.5,1.4553895877036056,0.17,30.15219217101452,-0.49999999999999994,-22.730617296757668,0.8967250689813936,-25.0,0.5743029587586654
142,-53.66633377885457,0,1,18,-0.7,-0.5,0.7671289684681872,0.13,20.30691781067791,-0.9000000000000002,-50.168878944257806,0.4398315948943833,-25.0,0.572732406888109
143,-40.165749364825345,0,1,16,0.0,0.5,1.4680381653739838,0.19,29.943896146539082,-0.8000000000000002,-49.88361780153082,0.9091870089080709,-25.0,0.5713403107561957
144,-23.689882277986804,0,1,11,-0.7,-0.5,0.5506561931009865,0.18,28.934908185355553,-0.5499999999999999,-33.219595009646085,0.3891069483729145,-25.0,0.5703853957926571
145,-70.45273825184795,0,1,30,0.0,0.5,1.46891132563962,0.16,30.263840235786788,-1.5000000000000007,-79.37930115034051,0.8350074082760262,-25.0,0.5677899628033172
146,-10.84207719135544,0,1,20,0.0,0.5,1.4436311012768466,0.16,31.302675009229056,-1.0000000000000002,-23.122630124520118,0.8708840543579981,-25.0,0.5660668696779713
147,-15.007720729868359,0,1,19,0.0,0.5,1.4052771442055554,0.14,32.83468327728464,-0.9500000000000003,-30.25409852354155,0.8857432829037546,-25.0,0.5644352426968436
148,-66.41908927278848,0,1,22,0.0,0.5,1.3870931695181619,0.17,33.56577149751441,-1.1000000000000003,-81.15956964831088,0.8020561295724388,-25.0,0.5625524340655551
149,-132.23625061166294,0,1,33,-0.7,-0.5,1.2966699933103372,0.18,-0.300952984507008,-1.6500000000000008,-91.26132553136968,-0.48094690648577587,-25.0,0.5597411338406288
150,-37.701486603982964,0,1,13,0.0,0.5,1.9336677178328208,0.14,11.164120808343858,-0.65,-25.206136866812244,-0.011074118422660595,-25.0,0.558637890329371
151,-99.96066946758475,0,1,16,0.0,0.5,2.760183902029959,0.12,-21.79553924962981,-0.8000000000000002,-43.55199855642976,-0.6704458357575602,-25.0,0.5572833295056269
152,-30.79429345234542,0,1,10,0.0,0.5,1.7953595602272456,0.15,16.417455943631552,-0.49999999999999994,-23.710994650821874,-0.02577950310147603,-25.0,0.5564385614587047
153,55.200040147900744,1,0,12,-0.7,-0.5,0.21265519380584627,0.37,42.34178216959785,-0.6,-42.53487283187818,-0.08172873845433837,50.0,0.5554266965379963
154,-105.71302018412307,0,1,18,-0.7,-0.5,1.0985060097861314,0.19,6.895296836338369,-0.9000000000000002,-82.72732696584177,-0.18902138334979823,-25.0,0.5539126885958013
155,53.41825987976985,1,0,9,-1.0,-0.5,0.22997739610829082,0.26,29.524613501218802,-0.44999999999999996,-31.21365841439639,0.284307157092899,50.0,0.5531573861813378
156,-72.4873690794856,0,1,19,-0.7,-0.5,0.6005848416518995,0.19,27.542453077526638,-0.9500000000000003,-79.84963604435293,0.5852423214040028,-25.0,0.5515665745728355
157,30.331959908725477,1,0,28,-1.0,-0.5,0.22588033593637294,0.38,29.919815500671646,-1.4000000000000006,-55.67026380000519,0.8523405681667306,50.0,0.5492313835750946
158,-75.25666374250619,0,1,21,-0.7,-0.5,0.8568262975834168,0.19,16.96795346905317,-1.0500000000000003,-67.30792950149984,-0.450964576767771,-25.0,0.5474871279605014
159,-23.520366300229536,0,1,21,0.0,0.5,1.3997194448615258,0.13,32.63129224242239,-1.0500000000000003,-37.41252130962854,0.756820329817279,-25.0,0.5457489665694465
160,-20.21842780026953,0,1,12,-0.7,-0.5,0.6785842839906409,0.12,23.81812792417609,-0.6,-23.972913767025894,0.2657003525090277,-25.0,0.5447584594735726
161,-20.62465280835828,0,1,14,-0.7,-0.5,0.49275888113455363,0.15,31.392358905716343,-0.7000000000000001,-32.941582993997024,0.09517488128591067,-25.0,0.5436053688636738
162,72.83818653236105,1,0,7,-1.0,-0.5,0.22211277428745213,0.42,29.986504503525328,-0.35,-12.269689183018063,0.6780605082114577,50.0,0.5430298317286093
163,-29.38588175403709,0,1,9,-1.0,-0.5,0.3375620423878256,0.16,25.112895301404134,-0.44999999999999996,-32.69774341339529,-0.17295399281810897,-25.0,0.5422908413623517
164,-27.58250659284152,0,1,11,-1.0,-0.5,0.3240012260091858,0.12,26.22465780077184,-0.5499999999999999,-33.19206519312995,-0.3081850620957489,-25.0,0.5413891349699417
165,-120.35782279100007,0,1,21,-0.7,-0.5,1.2468860755975437,0.16,0.7750496829529023,-1.0500000000000003,-91.16961487830886,-0.416054848388536,-25.0,0.539672279247684
166,-85.94693673121503,0,1,28,-1.0,-0.5,0.430299405836652,0.18,21.889879683777686,-1.4000000000000006,-79.54216342240035,0.14496646413999692,-25.0,0.5373924656470344
167,-24.31484466535194,0,1,16,0.0,0.5,1.3978235818844607,0.16,32.786102176710784,-0.8000000000000002,-40.270022997843455,0.9807702613946465,-25.0,0.5360944838169234
168,-25.67003314491103,0,1,10,-1.0,-0.5,0.4787461279751844,0.14,19.493513690873705,-0.49999999999999994,-23.99912222366637,-0.09504640037239609,-25.0,0.535285001100206
169,-35.1579872890952,0,1,13,0.0,0.5,1.66146106290016,0.16,21.902120802294625,-0.65,-33.58617972362695,-0.012293655707263484,-25.0,0.5342346885140101
170,-36.95990199457552,0,1,12,-1.0,-0.5,0.3612274778180716,0.14,24.19425938622357,-0.6,-40.08051184445823,-0.2240124487800359,-25.0,0.5332671869610356
171,-48.80093004099634,0,1,12,-1.0,-0.5,0.8088134666035477,0.12,6.636935238509162,-0.6,-31.109530444914416,-0.27546512169297976,-25.0,0.5323016184774533
172,-62.42004967897709,0,1,16,0.0,0.5,1.6133625433870327,0.19,24.077857260036197,-0.8000000000000002,-62.3306813393601,-0.24120473788673436,-25.0,0.5310171941550834
173,-363.89768960649064,0,1,47,-0.7,-0.5,2.3063310664770107,0.19,-41.317311499160766,-2.3499999999999996,-239.7029807527581,-0.8945589788487709,-25.0,0.5272639455498449
174,-103.48371548211972,0,1,19,-1.0,-0.5,0.3554259949772554,0.19,25.300799270334945,-0.9500000000000003,-104.50076882079827,-0.02246201268411352,-25.0,0.5257550001467725
175,-109.15359740640633,0,1,18,0.0,0.5,2.7800660156642727,0.14,-22.878486648361633,-0.9000000000000002,-50.185416935575475,-0.8906554781383009,-25.0,0.52432987390454
176,-39.90525669362024,0,1,16,-1.0,-0.5,0.510347102123402,0.17,18.693168838934746,-0.8000000000000002,-38.135807360247924,0.032667304208386594,-25.0,0.5230666792488952
177,-132.39779310787753,0,1,44,0.0,0.5,2.2839586195102966,0.17,-2.728020383678386,-2.2,-67.75326129065452,-0.3386342181211268,-25.0,0.5196102128014537
178,-41.75714737441133,0,1,12,0.0,0.5,1.8400219303141323,0.12,15.010035126783903,-0.6,-33.03003129157564,-0.010098333100675871,-25.0,0.5186719309704424
179,72.92018164780137,1,0,9,-1.0,-0.5,0.23379383468142537,0.41,29.3963100982319,-0.44999999999999996,-12.501589810112922,0.6080296574755621,50.0,0.51796945006638
180,-85.92950883487588,0,1,16,-1.0,-0.5,0.7519033409325241,0.17,8.66864122134281,-0.8000000000000002,-66.71605765523302,-0.6240814373064023,-25.0,0.5167231939462185
181,-44.01615817298833,0,1,15,-0.7,-0.5,0.8469992193915069,0.18,17.111019631441334,-0.7500000000000001,-37.52274088825295,-0.18218377156888477,-25.0,0.5155578432566684
182,-30.326006794046382,0,1,10,-0.7,-0.5,0.6859221224104959,0.17,24.12900989816309,-0.49999999999999994,-33.340191789882425,0.06931261084516749,-25.0,0.5147825597669456
183,-40.25081955035396,0,1,20,-1.0,-0.5,0.37533155126283396,0.13,24.07809992211959,-1.0000000000000002,-41.38941942046529,0.04425816021990703,-25.0,0.5132358638264157
184,-24.335893853972905,0,1,10,0.0,0.5,1.305484412417012,0.17,36.07668300888971,-0.49999999999999994,-40.96723019645,0.9861255240136894,-25.0,0.5124644470792297
185,57.09340251733205,1,0,12,-1.0,-0.5,0.24038972659225066,0.29,29.108123052684874,-0.6,-29.253352352071346,0.8089224335951721,50.0,0.5115404424976544
186,-18.623488242004562,0,1,13,-0.7,-0.5,0.47097189414606305,0.14,32.123709309335084,-0.65,-32.386358810230504,0.3706723580257617,-25.0,0.510541520761572
187,-25.24706092078815,0,1,16,0.0,0.5,0.9284363952646584,0.13,51.15860296108561,-0.8000000000000002,-54.1755845353987,0.11215982825915494,-25.0,0.509315046065935
188,-30.976743501575406,0,1,14,0.0,0.5,1.182916933734208,0.18,41.19415259959515,-0.7000000000000001,-48.686994293702035,0.03202070893467868,-25.0,0.50824456034414
189,-19.736718094563876,0,1,8,-0.7,-0.5,0.6746497073559029,0.19,24.072714330251536,-0.39999999999999997,-22.6889043949694,0.2845985846319752,-25.0,0.507633974744538
190,-123.44131907993216,0,1,37,-1.0,-0.5,0.434399899455692,0.17,21.720236760846923,-1.850000000000001,-106.29441527548326,-0.4193547105214852,-25.0,0.5048205821098206
191,-184.36000047207995,0,1,44,-1.0,-0.5,0.9762257660680039,0.15,0.5168801034820802,-2.2,-118.77907183412688,-0.1605840278035715,-25.0,0.5014974309545448
192,-92.98887181514858,0,1,20,-0.7,-0.5,0.7157362615066484,0.19,22.936389605680723,-1.0000000000000002,-94.35649826530583,0.8807793705271478,-25.0,0.49999494505239034
193,7.079999822926368,1,0,20,-1.0,-0.5,0.22230548270864284,0.36,30.673621896741917,-1.0000000000000002,-80.48603230039656,0.43268083677418845,50.0,0.4984974590986994
194,-13.863823072363246,0,1,20,-0.7,-0.5,0.522251640249297,0.13,30.080479774857775,-1.0000000000000002,-25.269456417438274,0.3364462330572915,-25.0,0.49700495645472365
195,-24.02979513205514,0,1,12,-0.7,-0.5,0.5359161207383383,0.12,29.236105030250968,-0.6,-33.49793189776976,0.06170019109346547,-25.0,0.4961118399560184
196,-105.77189561285556,0,1,18,-1.0,-0.5,1.028223529921741,0.17,-2.139468141889603,-0.9000000000000002,-73.76294013829519,-0.4532906005060924,-25.0,0.49477550993343156
197,-84.39651344426642,0,1,35,0.0,0.5,1.1712219882808257,0.12,41.66598211216791,-1.7500000000000009,-86.65601793201499,-0.4357328427906788,-25.0,0.49218853879371316
198,-49.030463788879814,0,1,11,0.0,0.5,1.6185346779512513,0.18,23.707788114854743,-0.5499999999999999,-49.28554876923484,0.06371366337951312,-25.0,0.49137860247440784
199,40.76570897400582,1,0,17,-1.0,-0.5,0.23349314232954013,0.28,29.39788041071188,-0.8500000000000002,-43.814008999411676,0.09200974818451502,50.0,0.49012979974002985
200,-201.18813711935786,0,1,43,-1.0,-0.5,1.0159078768358694,0.15,-1.0748768758989842,-2.1500000000000004,-133.1416243576582,-0.06330707870722785,-25.0,0.4869868120002276
201,-103.78675855309157,0,1,31,0.0,0.5,2.023974344138589,0.15,8.061321864775532,-1.5500000000000007,-69.62011962126608,-0.018488775963512394,-25.0,0.4847348693329779
202,-20.381427233050886,0,1,10,-0.7,-0.5,0.5595964187484984,0.18,29.133981703718558,-0.49999999999999994,-30.137516133935677,0.2771072256350794,-25.0,0.48401091468054863
203,-76.1354356649853,1,0,36,-0.7,-0.5,0.16837124323538946,0.34,43.99159154535578,-1.800000000000001,-167.18695220427927,0.5816372166529256,50.0,0.48141464578794513
204,-47.9081067196707,0,1,16,0.0,0.5,1.342171113940582,0.15,34.96182474277503,-0.8000000000000002,-64.43301669425625,0.9625187059148916,-25.0,0.4802657392886764
205,-53.051483920075256,0,1,12,0.0,0.5,2.1698478713866978,0.15,2.2556385952008817,-0.6,-29.590417154920846,-0.16552180626370472,-25.0,0.47940606776817674
206,-130.1753415932954,0,1,30,0.0,0.5,1.1532798841094771,0.19,42.383426368048774,-1.5000000000000007,-136.45112459282598,0.33128686916697114,-25.0,0.4772643960703945
207,-188.15118604889875,0,1,31,0.0,0.5,2.4555281150228936,0.18,-9.988053778052546,-1.5500000000000007,-125.79535827733659,-0.15601110117837025,-25.0,0.47506255634140254
208,-39.59843519846836,0,1,16,0.0,0.5,1.3689355082952461,0.18,33.90205128747847,-0.8000000000000002,-52.22446056939089,0.13459852469545175,-25.0,0.47393056618217994
209,-48.24314018150271,0,1,18,0.0,0.5,1.113189587377034,0.12,43.83007106259498,-0.9000000000000002,-67.10577059522,0.32569411168302664,-25.0,0.4726606802649236
210,-55.948212641729455,0,1,18,0.0,0.5,1.1726410456856364,0.19,41.60400825523057,-0.9000000000000002,-72.58275223199244,0.14257574121462624,-25.0,0.4713945982966426
211,-213.52713046092273,0,1,27,0.0,0.5,2.93247086458938,0.12,-28.696236560103827,-1.3500000000000005,-134.33118036656876,-0.9236536224567915,-25.0,0.4695025828318784
212,-16.91112141337435,0,1,10,0.0,0.5,1.4331471768776691,0.19,31.69440641594341,-0.49999999999999994,-29.3377361446257,0.9490903231726295,-25.0,0.4688039941794127
213,63.16978302548714,1,0,8,-1.0,-0.5,0.2037122834149969,0.29,30.577748671079796,-0.39999999999999997,-22.877040031603592,0.4446776649264157,50.0,0.4682459609586589
214,-33.84573625637552,0,1,11,-1.0,-0.5,0.4599216068189742,0.16,20.718256028897173,-0.5499999999999999,-32.96953353264055,-0.3166979250640911,-25.0,0.4674798791531302
215,-206.0544499827165,0,1,34,-0.7,-0.5,1.0580747435668076,0.18,9.240984508365786,-1.7000000000000008,-169.87490995015628,-0.1910047505116954,-25.0,0.46512085006625903
216,-51.67095945217362,0,1,12,-1.0,-0.5,0.7677461180181396,0.17,8.392848767902692,-0.6,-36.06323181528495,-0.2301701181789335,-25.0,0.4642914380546088
217,-207.4095140749767,0,1,43,0.0,0.5,2.664717814519662,0.19,-18.4421462636913,-2.1500000000000004,-113.40681122061564,-0.4954912576784354,-25.0,0.46133296327903167
218,-96.41658428787338,0,1,24,0.0,0.5,1.5219856813970611,0.19,27.762612463691465,-1.2000000000000004,-106.01364088589636,0.681132218103561,-25.0,0.45969091770645426
219,-15.472402723450518,0,1,19,0.0,0.5,1.4101417275168573,0.15,32.64392948518564,-0.9500000000000003,-29.94152877453423,0.43451043641321474,-25.0,0.4583956151119089
220,-41.78426005202916,0,1,20,-0.7,-0.5,0.7930358069778017,0.17,19.382028645952182,-1.0000000000000002,-37.73513755807029,0.2650814270048085,-25.0,0.4570365627405364
221,-28.614208004777012,0,1,9,-0.7,-0.5,0.7988060961183288,0.15,18.811305002775136,-0.44999999999999996,-25.297468694711604,-0.050408571048629724,-25.0,0.45642646558368644
222,-48.26419336854991,0,1,13,-0.7,-0.5,0.4921156196077597,0.16,31.062889116787655,-0.65,-57.598526840450326,-0.5702011763165864,-25.0,0.4555468281928792
223,-39.05431643454613,0,1,16,0.0,0.5,1.2337226003976909,0.13,38.98276845695663,-0.8000000000000002,-53.42304411012039,0.023295628146264513,-25.0,0.45446681064776867
224,-44.9035845731923,0,1,10,-1.0,-0.5,0.7731167885559347,0.18,8.194425964445244,-0.49999999999999994,-29.638399941510837,-0.3116148269935082,-25.0,0.4537932607441897
225,66.36945141539617,1,0,10,-1.0,-0.5,0.20942169413355463,0.33,30.360161587308355,-0.49999999999999994,-19.744424399751523,0.33367729388878675,50.0,0.4531208324888169
226,-113.32533469648828,0,1,28,-1.0,-0.5,0.5678971501674167,0.16,16.01075764344836,-1.4000000000000006,-96.68264685631627,-0.15785018417059393,-25.0,0.45124398465494475
227,-56.33606217582434,0,1,21,0.0,0.5,1.3531198120692853,0.15,34.92027162238484,-1.0500000000000003,-68.86284123549295,0.5049169149727486,-25.0,0.4498420854633429
228,-58.24812712812588,0,1,21,-1.0,-0.5,0.673304927295817,0.15,12.126507026022594,-1.0500000000000003,-45.31971617725582,-0.3762394968306857,-25.0,0.448445084342288
229,-85.98714083739219,0,1,31,0.0,0.5,2.607953069299622,0.12,-15.268545239314246,-1.5500000000000007,-31.005643824874838,-0.7421575676433034,-25.0,0.4463917603944114
230,-20.120757850591975,0,1,9,0.0,0.5,1.400804085797947,0.14,32.598164012307095,-0.44999999999999996,-33.79448467467627,0.9908121699757017,-25.0,0.44579761847166344
231,-36.691094590136444,0,1,12,0.0,0.5,1.9307782721951343,0.16,11.27227516061379,-0.6,-23.7597821722504,-0.14712486403485991,-25.0,0.44500681430249067
232,74.71674600708386,1,0,7,-1.0,-0.5,0.18582708267569523,0.43,31.747115677936684,-0.35,-12.51716075612724,0.8033583933705732,50.0,0.44454624173870755
233,-39.398409475846464,0,1,12,0.0,0.5,1.4063307725408207,0.15,32.388037508928434,-0.6,-53.99106775245439,0.894857046344067,-25.0,0.44375793782191486
234,-144.93845156763223,0,1,40,-1.0,-0.5,2.021057402383239,0.12,-41.7040954609641,-2.000000000000001,-31.751691085378074,-0.8533963622294409,-25.0,0.44114161566702653
235,-96.55230521661262,0,1,17,-1.0,-0.5,1.2070573642843585,0.19,-8.716412070833442,-0.8500000000000002,-57.9586486293363,-0.5146195376347118,-25.0,0.4400349496065613
236,-19.209189734618498,0,1,10,0.0,0.5,1.378474802857176,0.12,33.46360480554704,-0.49999999999999994,-33.68736504910668,0.8786284703863838,-25.0,0.43938543277159736
237,-38.931791818038874,0,1,12,-0.7,-0.5,0.762356804611944,0.13,20.242756265054716,-0.6,-37.92944214450607,0.008327077031988761,-25.0,0.4386074401579986
238,-236.63699435715006,0,1,31,-0.7,-0.5,1.239484343343162,0.19,1.540964400907658,-1.5500000000000007,-183.19882472863685,-0.9197788727409006,-25.0,0.43660481295902925
239,-87.95720304266146,0,1,22,0.0,0.5,1.4582511995640364,0.18,30.405819374204388,-1.1000000000000003,-91.12371885070156,0.11694742097542299,-25.0,0.43518985764818974
240,-125.47393162375441,0,1,27,0.0,0.5,2.0026490612200667,0.17,8.549660439015376,-1.3500000000000005,-96.86617927792354,-0.1773584256445111,-25.0,0.43346039749258597
241,-22.893970720199412,0,1,12,0.0,0.5,1.317227637624845,0.12,35.804080285828334,-0.6,-40.158726361616296,0.8515808183242969,-25.0,0.4326942431073708
242,37.027230237421556,1,0,13,-0.7,-0.5,0.24922879787922672,0.31,40.674206435866324,-0.65,-58.82049469919501,0.1071914167312148,50.0,0.4318659698673384
243,-54.654164406305874,0,1,13,0.0,0.5,1.7218830151958904,0.19,19.625306214574394,-0.65,-50.43758687826134,0.16850166844441372,-25.0,0.4310394892765881
244,-28.46921142467399,0,1,14,-1.0,-0.5,0.322621565524137,0.12,26.131782739249942,-0.7000000000000001,-33.557501367265495,-0.2870481667377056,-25.0,0.4301514336028096
245,71.4140865788575,1,0,8,-1.0,-0.5,0.23667501601412064,0.36,29.270190724078507,-0.39999999999999997,-13.083182186469156,0.4387107910894109,50.0,0.4296449027869247
246,74.1489572951981,1,0,9,-1.0,-0.5,0.2223867427208104,0.4,30.060937938475114,-0.44999999999999996,-12.856189636059145,0.937477955547659,50.0,0.4290758623197897
247,-44.24168410793733,0,1,10,-1.0,-0.5,0.5021494027996978,0.12,19.07592217724359,-0.49999999999999994,-40.494728339684144,-0.2255787122384345,-25.0,0.4284445954178016
248,-357.4995735601025,0,1,50,-0.7,-0.5,2.54193317169497,0.16,-50.61791535512015,-2.499999999999999,-225.2699144717607,-0.9508851882827656,-25.0,0.4253039944680303
249,-22.48213888276336,0,1,15,0.0,0.5,1.0914299801684926,0.19,44.64081303656477,-0.7500000000000001,-43.790352238713496,0.09941786474428271,-25.0,0.4243669063300994
250,-34.898205319528635,0,1,11,-0.7,-0.5,0.4046130134708683,0.18,34.54130025691639,-0.5499999999999999,-49.95135592515596,0.2908995812497649,-25.0,0.4236811957619108
251,-39.55564407870493,0,1,17,0.0,0.5,0.6331967469745623,0.12,62.97012804086039,-0.8500000000000002,-81.85313625817972,0.46213894482103157,-25.0,0.422623930873135
252,-39.96836994310944,0,1,13,-0.7,-0.5,0.4084935307751135,0.16,35.17991301585071,-0.65,-56.285933998216564,0.2207701169880918,-25.0,0.4218174530227449
253,-30.35356524927291,0,1,17,0.0,0.5,1.323811821861301,0.13,35.35415947918692,-0.8500000000000002,-45.36615844211763,0.43026023735879393,-25.0,0.42076546126460074
254,-55.333994291469935,0,1,12,0.0,0.5,2.1903656089239307,0.13,0.9879730550738941,-0.6,-30.096018909346714,-0.1823265546466215,-25.0,0.42002467137888716
255,-208.62915388415703,0,1,54,0.0,0.5,2.465054042129331,0.13,-10.08730029130696,-2.6999999999999984,-116.88504290369639,-0.7889092923187999,-25.0,0.4167093904786442
256,-43.51637969929743,0,1,29,0.0,0.5,1.446932657640621,0.17,30.75547895935621,-1.4500000000000006,-50.26970376124521,0.7670091103197401,-25.0,0.4149412382347522
257,-51.50863255734687,0,1,27,0.0,0.5,1.4246610839276808,0.13,31.6548275319059,-1.3500000000000005,-62.72281848500153,0.6815169202369078,-25.0,0.4133026921564177
258,-22.899679923697477,0,1,15,-0.7,-0.5,0.6366439253142061,0.16,25.271851721846726,-0.7500000000000001,-29.043957648578065,0.48275776334046216,-25.0,0.41239556980142983
259,57.651525581720485,1,0,9,-1.0,-0.5,0.24651305856519226,0.34,28.863186506414458,-0.44999999999999996,-27.274502601229493,0.704162837259522,50.0,0.41185238393797263
260,-40.84981265560265,0,1,11,0.0,0.5,1.8396329818108998,0.12,15.017277221288223,-0.5499999999999999,-31.736243725493935,-0.053707758360461044,-25.0,0.4111895956423328
261,61.251322216929594,1,0,11,-0.7,-0.5,0.18584204708764543,0.4,43.51860865920165,-0.5499999999999999,-39.960609022332136,0.917796386668022,50.0,0.41052802134539607
262,-44.369157316654515,0,1,10,0.0,0.5,1.6883992441054947,0.12,20.78818257978275,-0.49999999999999994,-41.484320495567125,-0.0006221343128811618,-25.0,0.4099276417651141
263,-41.97689717829591,0,1,11,-0.7,-0.5,0.6191931718269955,0.14,25.96988205581998,-0.5499999999999999,-46.44543757636562,-0.07193216914829215,-25.0,0.4092683789307974
264,-12.796475370745476,0,1,8,0.0,0.5,1.4406249525493908,0.19,31.016272403354222,-0.39999999999999997,-23.986539518721123,0.8473249662718341,-25.0,0.4087896736333406
265,72.84589219902317,1,0,7,-1.0,-0.5,0.21922449477839534,0.4,29.968046765957133,-0.35,-12.958700314411352,0.9453370726277548,50.0,0.4083713297621443
266,-55.571289069992716,0,1,14,0.0,0.5,1.657879907365026,0.16,22.18854854578629,-0.7000000000000001,-53.38828956787624,-0.16660721559863578,-25.0,0.4075361048007656
267,-63.087016250982266,0,1,19,0.0,0.5,1.4190593410795895,0.19,32.28712695364648,-0.9500000000000003,-77.87969848693587,0.8387460867944565,-25.0,0.4064056978911257
268,-71.14338015414758,0,1,20,-1.0,-0.5,0.8282373962162332,0.17,5.968463575734075,-1.0000000000000002,-50.57050984561785,-0.3953026496626153,-25.0,0.40521965673160715
269,-33.500514520930324,0,1,14,0.0,0.5,1.8571424107822634,0.13,14.359894960932529,-0.7000000000000001,-24.40662075040304,0.045210088164999496,-25.0,0.40439177710108104
270,-17.631356449443853,0,1,10,-0.7,-0.5,0.6004025649902612,0.12,27.11552830603573,-0.49999999999999994,-24.57370969797101,0.2676872379107149,-25.0,0.40380161607671095
271,-84.34674616270664,0,1,20,0.0,0.5,1.4613672683529126,0.12,29.853895967730644,-1.0000000000000002,-84.20249310809723,-0.2107188149421262,-25.0,0.4026242407388471
272,47.671374756008035,1,0,11,-0.7,-0.5,0.2155812778531093,0.22,42.10247693583544,-0.5499999999999999,-50.44770857011986,0.3415144597576668,50.0,0.4019783552068047
273,75.16660742390333,1,0,11,-1.0,-0.5,0.1525772635600268,0.36,32.62476080454688,-0.5499999999999999,-13.851236367525026,0.36708205063872934,50.0,0.40133365271345417
274,68.8287440390927,1,0,7,-1.0,-0.5,0.2428845285284744,0.33,29.01852795106882,-0.35,-15.259491679153603,0.6618895050973734,50.0,0.4009240024610673
275,-31.0797830135904,0,1,10,-1.0,-0.5,0.5628578224241386,0.15,16.436790896394026,-0.49999999999999994,-25.928157985876613,0.05487671291314444,-25.0,0.40033961624741815
276,64.48077737677905,1,0,8,-1.0,-0.5,0.21276156596261672,0.29,30.21324643205945,-0.39999999999999997,-21.137501476872302,0.5613474962724447,50.0,0.39987280803372083
277,-52.844632896472646,0,1,21,1.7,0.5,3.1280244979658964,0.17,27.31895347933321,-1.0500000000000003,-59.73023610187873,0.4053958886971134,-25.0,0.39865039367860533
278,-111.53575859581152,1,0,45,-0.7,-0.5,0.20806461822822672,0.29,43.191695425630186,-2.25,-188.30660223210958,0.06856316790228056,50.0,0.396045297049753
279,-35.885587794735976,0,1,12,-1.0,-0.5,0.5401690388551433,0.13,17.34825269590486,-0.6,-32.03265699466159,0.15263907501301877,-25.0,0.3953538980850845
280,-29.024181583777718,0,1,9,-0.7,-0.5,0.6800140083664816,0.18,23.87429784812812,-0.44999999999999996,-31.52403727460106,0.09671800621352133,-25.0,0.39483625556690344
281,-32.950019246498606,0,1,10,1.7,0.5,3.0702334805424423,0.18,29.156946344652876,-0.49999999999999994,-40.570458666865235,0.30845146462536543,-25.0,0.3942620071475692
282,48.94309000271336,1,0,22,-1.0,-0.5,0.24519778592163463,0.38,29.713088540540177,-1.1000000000000003,-39.08402483309763,0.800881134929118,50.0,0.3930020245011934
283,-17.822193087927715,1,0,33,-0.7,-0.5,0.23665781545510006,0.37,41.46977820022753,-1.6500000000000008,-109.94237835701213,0.901358730398682,50.0,0.3911206917739606
284,-132.90878418600906,0,1,29,-1.0,-0.5,2.1968048722130917,0.16,-48.306268117811975,-1.4500000000000006,-36.87692891919997,-0.771733950736319,-25.0,0.3894759198312219
285,-247.36812507399975,0,1,41,-1.0,-0.5,1.9972441767164957,0.12,-40.854032392165685,-2.0500000000000007,-131.38495242991158,-0.9645070184031137,-25.0,0.38716407550965737
286,-31.049898754026543,0,1,9,-1.0,-0.5,0.5523873933339719,0.12,16.667869508974412,-0.44999999999999996,-25.2200774385404,-0.2017732249680435,-25.0,0.3866587085163941
287,-29.77490837669245,0,1,13,-0.7,-0.5,0.718163604749397,0.15,22.018231266366023,-0.65,-31.807716977221396,0.1644693863085116,-25.0,0.38593007095701026
288,57.61798696492305,1,0,10,-0.7,-0.5,0.1959059686847628,0.28,42.887470888336445,-0.49999999999999994,-41.062478189248075,0.39750356677980514,50.0,0.3853706538158609
289,54.07300032201451,1,0,10,-0.7,-0.5,0.23563368817377212,0.25,41.300468726984164,-0.49999999999999994,-42.94946272532645,0.24137330774929955,50.0,0.38481216826007675
290,-27.97104615945539,0,1,11,-0.7,-0.5,0.6321115392066646,0.16,25.44135604994843,-0.5499999999999999,-32.942400329637245,0.13301937201693115,-25.0,0.38419890827835274
291,-46.90926281592803,0,1,15,-1.0,-0.5,0.5794077075171279,0.12,15.888434959568556,-0.7500000000000001,-40.5343039898908,-0.21046168776610386,-25.0,0.3833644545094792
292,-145.21494237700534,0,1,21,-0.7,-0.5,1.0934723317341897,0.12,7.1978376534290796,-1.0500000000000003,-120.44174700798547,-0.7271316900471065,-25.0,0.38219971839589606
293,-53.1471332805001,0,1,15,-1.0,-0.5,0.6776983954835168,0.18,11.355507633889339,-0.7500000000000001,-40.609456900741584,-0.20123867762901448,-25.0,0.38137025635946326
294,-268.72924107288367,0,1,44,-1.0,-0.5,2.4100418313149925,0.16,-57.17756260294915,-2.2,-138.2759220312114,-0.9009356786967968,-25.0,0.3789490962502687
295,-54.804681709160086,0,1,16,1.7,0.5,3.552149952518868,0.19,10.348121280555507,-0.8000000000000002,-39.39880945494963,-0.1937331857176281,-25.0,0.37807306721810585
296,-15.312814353141816,0,1,18,1.7,0.5,3.1191862566971187,0.15,28.083682371825347,-0.9000000000000002,-24.127346979620654,0.4626076195322856,-25.0,0.37709032287003175
297,73.03045190785056,1,0,7,-1.0,-0.5,0.2138191412365923,0.38,30.184742370171662,-0.35,-13.02974116727609,0.9755206165014929,50.0,0.37670894000994376
298,-24.85147430036134,0,1,11,-1.0,-0.5,0.45461515973783173,0.16,20.539408269038276,-0.5499999999999999,-24.325446477607795,-0.2935491664220311,-25.0,0.3761105223370714
299,72.82432899372557,1,0,7,-1.0,-0.5,0.18533997179459996,0.36,31.3109865617362,-0.35,-14.04565153426686,0.8405159145672696,50.0,0.3757302819110558
300,71.8306277281285,1,0,7,-1.0,-0.5,0.23250335769312155,0.37,29.42387915121266,-0.35,-13.147019025443711,0.8281650310512269,50.0,0.37535048484019634
301,-234.3777771109306,0,1,47,1.7,0.5,4.127522256939109,0.18,-12.802544199080561,-2.3499999999999996,-141.54469449596917,-0.6815179328002197,-25.0,0.3728118619629309
302,-70.05705905350601,0,1,24,-0.7,-0.5,0.9970529225269549,0.13,11.668762611111969,-1.2000000000000004,-52.43611291012227,0.035905852020512996,-25.0,0.3715231935700889
303,-147.60437973833007,0,1,28,-1.0,-0.5,0.9372725652388608,0.12,1.5448301352643838,-1.4000000000000006,-112.13717139010733,-0.29426035340042667,-25.0,0.3700262475907257
304,-52.08820829021036,0,1,25,-0.7,-0.5,0.9177716880611431,0.13,14.840041639344212,-1.2500000000000004,-38.301078959146096,0.04013969877872858,-25.0,0.36869557904372713
305,-142.66382987575932,0,1,34,1.7,0.5,3.5679561217706013,0.17,10.169921177603563,-1.7000000000000008,-107.43704225318254,0.11363605477822758,-25.0,0.36689474461226546
306,-133.3932673116947,0,1,32,-0.7,-0.5,1.2006490838886401,0.17,3.5399293556901696,-1.6000000000000008,-97.31017206383481,-0.42060337150303884,-25.0,0.3652091382534663
307,-86.1622382914164,0,1,16,1.7,0.5,3.7459345324095383,0.14,2.2844577211406225,-0.8000000000000002,-60.63887019322068,-0.20952024151619275,-25.0,0.364369700299507
308,-52.04351346970305,0,1,14,-1.0,-0.5,0.6944748396058686,0.12,10.966548186847128,-0.7000000000000001,-39.343727287825914,-0.36572954501107224,-25.0,0.3636370261177705
309,-26.353187886341036,0,1,10,-0.7,-0.5,0.7311234516777774,0.16,21.492669775377742,-0.49999999999999994,-26.120740436641192,-0.04829014024821654,-25.0,0.36311473310598513
310,-111.21311447442805,0,1,27,-0.7,-0.5,2.1480394128730365,0.12,-34.81811632771893,-1.3500000000000005,-37.34493565413292,-0.8277323329079578,-25.0,0.36170888234359594
311,71.9300719733597,1,0,8,-1.0,-0.5,0.21274997219315694,0.35,30.22808067714641,-0.39999999999999997,-13.467047336582112,0.3919322743272309,50.0,0.36129354745193004
312,-29.07952567385656,0,1,9,1.7,0.5,3.1896079944938625,0.13,24.83208621724401,-0.44999999999999996,-31.666485061966117,0.10194598155970147,-25.0,0.36082695716095603
313,-100.4649065431075,0,1,22,-0.7,-0.5,0.706329445903107,0.15,22.50894484619698,-1.1000000000000003,-97.75376254997146,0.4526984519663645,-25.0,0.3596893452144808
314,-39.756868656186036,0,1,12,-1.0,-0.5,0.2915091136514668,0.13,27.398339856852388,-0.6,-47.03365741902997,0.08957194472897789,-25.0,0.35907058549002957
315,-108.59482663104286,0,1,36,1.7,0.5,2.542089995731208,0.15,50.48479144531494,-1.800000000000001,-120.64496329005034,-0.2043198992810198,-25.0,0.35722171413775694
316,-191.83086200043422,0,1,35,-1.0,-0.5,1.2762683803262371,0.18,-11.995967496013739,-1.7500000000000009,-116.39405610265948,-0.9419662516382978,-25.0,0.35543480435918534
317,-50.592536090621515,0,1,13,-1.0,-0.5,0.4220587392599258,0.15,21.841442185473863,-0.65,-51.54033450424816,-0.3093317945989156,-25.0,0.3547737453556031
318,67.96050573793794,1,0,8,-1.0,-0.5,0.20185334013215006,0.39,30.861918698218794,-0.39999999999999997,-18.969404050531594,0.7474878171286128,50.0,0.3543676511514272
319,-31.356928094352128,0,1,12,-1.0,-0.5,0.44253605605523344,0.15,20.941916198293644,-0.6,-31.045041480190097,-0.15684791801656406,-25.0,0.35375952417880596
320,-356.53682003573516,0,1,53,1.7,0.5,3.348053739014409,0.17,18.361147378644812,-2.6499999999999986,-276.02500684094036,-0.9501305495445227,-25.0,0.35108813107166603
321,-85.23962235043896,0,1,29,-0.7,-0.5,1.0794289935813202,0.13,8.343846174390555,-1.4500000000000006,-58.986762896185624,0.35337881943307914,-25.0,0.34963638298888927
322,-18.607147229134934,0,1,9,-0.7,-0.5,0.39066093417954867,0.18,35.11117162350895,-0.44999999999999996,-33.20123713200088,0.2571197960731174,-25.0,0.3491872653368545
323,-28.233282352966427,0,1,10,-1.0,-0.5,0.3448798596061761,0.13,25.160366248810895,-0.49999999999999994,-31.71164896845926,-0.2609999919057697,-25.0,0.3486890352017367
324,-35.6277603609099,0,1,10,-0.7,-0.5,0.9212132118856695,0.19,14.71544694335746,-0.49999999999999994,-27.64696758342174,-0.08494738613685682,-25.0,0.34819163475857545
325,69.53305988073338,1,0,11,-0.7,-0.5,0.1737035851117207,0.42,43.78779147279858,-0.5499999999999999,-31.875269795613313,0.8263918834931807,50.0,0.3476454509163555
326,68.15621307620104,1,0,9,-0.7,-0.5,0.2296519027843709,0.32,41.54114654312241,-0.44999999999999996,-29.98454160933752,0.7825625603673674,50.0,0.3471993174237505
327,-286.99391076909137,0,1,42,-1.0,-0.5,1.2856126163775365,0.17,-12.476180393761444,-2.1000000000000005,-202.7353474214164,-0.5597566176957869,-25.0,0.3451261866248575
328,-82.16281038889143,0,1,25,-1.0,-0.5,1.355822966759716,0.12,-14.71188820983856,-1.2500000000000004,-29.19452983795135,-0.9940068692106596,-25.0,0.3438990524854116
329,-104.52351045957343,0,1,24,1.7,0.5,2.7552007519723447,0.16,42.099488486734,-1.2000000000000004,-118.6396098047431,-0.16041647785745794,-25.0,0.342725804336099
330,-26.44957855382144,0,1,20,1.0,-0.5,1.3302079472894683,0.12,65.74641300567897,-1.0000000000000002,-72.75572688002921,0.6334009010504248,-25.0,0.34175167610400264
331,-48.53602677382134,0,1,27,1.0,-0.5,2.514649105110414,0.16,18.470780731622902,-1.3500000000000005,-36.532105111124984,0.10978073836948166,-25.0,0.3404417431212569
332,52.9081566066794,1,0,12,-0.7,-0.5,0.2285120808864039,0.34,41.68167701632912,-0.6,-44.27429000519576,0.18297700532746874,50.0,0.33986144013143854
333,-42.02107744555582,0,1,16,-0.7,-0.5,0.6274037011707599,0.12,26.044089488862504,-0.8000000000000002,-46.883568010765515,0.006212711046713948,-25.0,0.33908950599404697
334,-50.36205085189804,0,1,14,-0.7,-0.5,0.44223503053166274,0.13,32.774043292651776,-0.7000000000000001,-62.11424685958476,-0.26061574787898256,-25.0,0.33841575016754394
335,-16.189321509424857,0,1,8,1.0,-0.5,2.267416349432852,0.14,28.20209782777834,-0.39999999999999997,-24.104905618702638,0.625350334379505,-25.0,0.3380314520896388
336,-35.366236852741324,0,1,10,-1.0,-0.5,0.7075313651563869,0.16,10.737114138194631,-0.49999999999999994,-23.287920960223783,-0.1877715956165491,-25.0,0.33755179949101893
337,-93.97395081461677,0,1,37,1.7,0.5,3.5976357542955464,0.14,8.439027479832095,-1.850000000000001,-51.24197513655667,0.06744795865918474,-25.0,0.3357840196507233
338,65.2996766910695,1,0,10,-0.7,-0.5,0.19717848956790346,0.29,42.83657373022248,-0.49999999999999994,-33.34228233536008,0.3939763366823845,50.0,0.3353081096531345
339,27.821299651016115,1,0,14,-0.7,-0.5,0.21991995633658903,0.31,41.92691673857398,-0.7000000000000001,-71.94742394948466,0.6620039692023705,50.0,0.33464316679896067
340,69.37138558894715,1,0,8,-1.0,-0.5,0.14790804349694314,0.41,33.01960937215281,-0.39999999999999997,-19.41908901547896,0.5307573295036092,50.0,0.3342638954802962
341,-71.01960781793244,0,1,18,-0.7,-0.5,0.5596086348087195,0.16,28.259013042942485,-0.9000000000000002,-77.85940035483243,0.1897740514683144,-25.0,0.33341238170315624
342,-214.62143260781767,0,1,39,0.0,0.5,2.2724011769250363,0.13,-1.854331584115501,-1.950000000000001,-162.53663113897218,-0.5704782386271074,-25.0,0.33157617535768047
343,-39.67824812401964,0,1,12,-0.7,-0.5,0.4855547081148504,0.17,31.301597553484307,-0.6,-51.25982082971683,0.19296976371174013,-25.0,0.3310135857840686
344,-115.65066784935355,0,1,35,-1.0,-0.5,1.8313470945555286,0.15,-33.68789170627231,-1.7500000000000009,-25.38987230433198,-0.9023598323009658,-25.0,0.3293791117178122
345,58.50917917240717,1,0,15,-1.0,-0.5,0.2384861155670549,0.32,29.416962621417916,-0.7500000000000001,-28.492045353965267,0.3975750793970467,50.0,0.3286815362711465
346,-22.00359598240261,0,1,10,-1.0,-0.5,0.3294876419610456,0.14,25.784834091792337,-0.49999999999999994,-26.523955595004708,-0.3483601815015589,-25.0,0.3282174538867747
347,-58.7167511237242,0,1,13,-1.0,-0.5,0.3557232431505406,0.19,24.49478235951422,-0.65,-61.892369855796034,-0.013395139762301556,-25.0,0.32761530197016037
348,-135.5070998675724,0,1,29,-0.7,-0.5,1.6174522705767225,0.12,-13.638544102610668,-1.4500000000000006,-80.75128561157467,-0.42850833004390787,-25.0,0.32627673216021746
349,-53.37533093883921,0,1,12,-0.7,-0.5,0.8839836636028092,0.14,15.744114012633514,-0.6,-45.84264078595628,0.014648710872550708,-25.0,0.3257247308811765
350,74.28337943378042,1,0,8,-1.0,-0.5,0.19669027112985063,0.42,30.85610088082772,-0.39999999999999997,-12.496563621230894,0.7076956834446024,50.0,0.3253573428864259
351,-143.33861932571097,0,1,35,1.7,0.5,3.542747097356193,0.16,10.694292739610134,-1.7500000000000009,-111.54542934095164,-0.2698872735448119,-25.0,0.323755767522568
352,-34.27974405701917,0,1,9,-1.0,-0.5,0.4932081257082044,0.18,19.43283910882215,-0.44999999999999996,-31.44778726746508,-0.10282262977165502,-25.0,0.3233454416925927
353,-39.34878057032816,0,1,12,-1.0,-0.5,0.3011628331838468,0.18,26.606602919992426,-0.6,-43.74840301229916,-0.3475684973550801,-25.0,0.32279929713581246
354,-31.31249585279366,0,1,13,-1.0,-0.5,0.43996628825552797,0.12,21.437079982479357,-0.65,-31.521681830737464,-0.05764964651944937,-25.0,0.3222088718503873
355,-28.47137854012226,0,1,16,1.0,-0.5,1.2758324811406412,0.13,67.7033863033497,-0.8000000000000002,-77.88276936312042,0.32500238034844264,-25.0,0.3214839485194783
356,-106.29969142657747,0,1,20,-1.0,-0.5,0.27345424190517725,0.17,27.791120877013356,-1.0000000000000002,-109.43265846066764,-0.2883916180692312,-25.0,0.3205805085941405
357,-151.23304388610833,0,1,50,-0.7,-0.5,1.9370575626089408,0.13,-26.546211520714483,-2.499999999999999,-29.314628908172907,-0.5780523671500226,-25.0,0.31833504013569364
358,-29.684782821903013,0,1,18,-1.0,-0.5,0.5344632295663871,0.12,18.187336843869993,-0.9000000000000002,-24.941846877497603,0.03558457854397601,-25.0,0.3175312413163646
359,-140.6580680646239,0,1,44,-1.0,-0.5,1.8985868022048533,0.14,-36.80067702947941,-2.2,-24.913143880434315,-0.8892735249855483,-25.0,0.315576521612325
360,-32.72012667805824,0,1,9,-1.0,-0.5,0.44666276042997943,0.12,21.191336273615484,-0.44999999999999996,-31.554424289133856,-0.32944421622393705,-25.0,0.31517845545416256
361,-241.99540406616717,0,1,26,0.0,0.5,3.0120078780541975,0.15,-32.13207423304415,-1.3000000000000005,-162.48887660263006,-0.9994188694525383,-25.0,0.3140318349525296
362,-20.607790612067845,0,1,15,1.7,0.5,3.0263589967664433,0.15,31.390206672590573,-0.7500000000000001,-31.80128221078006,0.3958552734740799,-25.0,0.3133725797774791
363,-163.0520216674637,0,1,26,-0.7,-0.5,0.4979352919583186,0.17,30.820127933132078,-1.3000000000000005,-162.158604969838,-0.5060821943974205,-25.0,0.31223376780641
364,-21.68404025228412,0,1,14,-0.7,-0.5,0.7499359203756032,0.17,21.226513491743763,-0.7000000000000001,-22.678188530727677,0.2613764580882816,-25.0,0.31162260231855227
365,-127.38042661995837,0,1,34,1.0,-0.5,3.559495834258026,0.19,-23.237044036769774,-1.7000000000000008,-54.753041546538554,-0.5987737973619396,-25.0,0.3101442668119301
366,73.576624510743,1,0,7,-1.0,-0.5,0.1970816766920069,0.39,30.85619985989504,-0.35,-13.1359713357927,0.9662678923780038,50.0,0.30984094214111235
367,-16.719700563497796,0,1,10,-0.7,-0.5,0.5245211355811984,0.16,29.745225593712103,-0.49999999999999994,-26.668492052743083,0.31204860351334107,-25.0,0.30940823459399686
368,62.86355863370571,1,0,10,-0.7,-0.5,0.1760729725585399,0.33,43.681665924262056,-0.49999999999999994,-37.466227700027986,0.556483992039384,50.0,0.3089762476254776
369,-59.067454269992716,0,1,20,-1.0,-0.5,0.38435113328997406,0.18,23.18227075381386,-1.0000000000000002,-58.817027227784294,-0.208514189364857,-25.0,0.3081144306263698
370,-132.9541563365179,0,1,32,-0.7,-0.5,1.5018363571179831,0.17,-8.55242540514244,-1.6000000000000008,-84.82913367202127,-0.6103977552508242,-25.0,0.30674148477302665
371,-34.14754441987154,0,1,10,-0.7,-0.5,0.7465157065557052,0.12,21.00739316079774,-0.49999999999999994,-33.12875307430422,0.14094232357496028,-25.0,0.30631393868577994
372,-24.076039958170693,0,1,10,-0.7,-0.5,0.4947085001419948,0.13,31.172718601740367,-0.49999999999999994,-34.49553382424871,-0.03732064560440351,-25.0,0.30588710458186114
373,-54.91138633464444,0,1,11,-0.7,-0.5,0.9318756115530422,0.16,13.800137863376317,-0.5499999999999999,-45.046237038617896,-0.45072279594702347,-25.0,0.305418407993279
374,-39.26828317755382,0,1,10,-1.0,-0.5,0.33565090042305035,0.18,25.336272468984724,-0.49999999999999994,-42.178366033895166,-0.45825830229961295,-25.0,0.30499306519741237
375,-32.25008750258454,0,1,11,-0.7,-0.5,0.7586366498104442,0.15,20.399307242288558,-0.5499999999999999,-31.409471975156364,0.1750233465421398,-25.0,0.30452600617947
376,-48.394386152365335,0,1,10,-1.0,-0.5,0.8409200280279283,0.18,5.439311829283064,-0.49999999999999994,-29.66184421232998,-0.35208261508408945,-25.0,0.3041021494812011
377,-37.85772304267705,0,1,10,-0.7,-0.5,0.6783842353241388,0.12,23.626942065600577,-0.49999999999999994,-39.40497573049097,-0.03356316597983078,-25.0,0.30367899862239967
378,-23.147145326769333,0,1,14,1.7,0.5,2.446996566287608,0.14,54.22461826254913,-0.7000000000000001,-55.77690173233392,0.39025469980718197,-25.0,0.30308777099275747
379,-57.8836179485029,0,1,14,-0.7,-0.5,0.5363328782162341,0.15,29.507893113169857,-0.7000000000000001,-65.89932316257851,0.09200584672820045,-25.0,0.3024979212860492
380,-31.081453769752592,0,1,10,-1.0,-0.5,0.5891990603007018,0.13,15.169646761203666,-0.49999999999999994,-23.643936867169792,-0.32728791881742336,-25.0,0.30207744191404895
381,-38.01935360157388,0,1,10,-1.0,-0.5,0.5157444251963194,0.13,18.10820094171104,-0.49999999999999994,-33.15812450704259,-0.334276672538234,-25.0,0.3016576627573272
382,-78.84846839317113,0,1,36,-0.7,-0.5,0.7915744553930876,0.19,19.902861853711656,-1.800000000000001,-62.00666853770443,-0.36538544014379637,-25.0,0.3001522375726102
383,-53.193497966188986,0,1,16,-0.7,-0.5,0.9835108864279052,0.17,12.180559951830405,-0.8000000000000002,-41.361201018853244,-0.2884539039298968,-25.0,0.29948605357918356
384,-73.92928831484043,0,1,16,-0.7,-0.5,0.758287398801179,0.12,20.406110308715746,-0.8000000000000002,-68.18427725645175,-0.6621652735525885,-25.0,0.2988216437098558
385,-151.39882726475346,0,1,22,-1.0,-0.5,0.5560459675087347,0.19,16.495772074065542,-1.1000000000000003,-134.17182031969205,-0.15384212591436874,-25.0,0.29791096827484403
386,-41.382312054592354,0,1,10,-1.0,-0.5,0.6767907153486482,0.17,12.03183276182793,-0.49999999999999994,-30.284549865263358,-0.1757772840875973,-25.0,0.297498127457299
387,69.88267581184084,1,0,7,-1.0,-0.5,0.22183443974690006,0.34,29.850332463419047,-0.35,-15.044296650613123,0.6630905991631837,50.0,0.2972095480126738
388,63.2100901401443,1,0,9,-1.0,-0.5,0.2495968576837499,0.29,28.739836788946434,-0.44999999999999996,-21.34024522171926,0.5064119166330214,50.0,0.2968390116623931
389,-132.19632926989334,0,1,37,-1.0,-0.5,1.3921004882184829,0.12,-16.164365432840945,-1.850000000000001,-62.34364802707053,-0.9602531407162891,-25.0,0.29532152149405594
390,-47.107521937011654,0,1,17,-0.7,-0.5,0.3726649183254018,0.19,35.83101372914582,-0.8500000000000002,-62.71250633268892,-0.06228755755142412,-25.0,0.2946274276138223
391,-24.82591506038413,0,1,9,-0.7,-0.5,0.5589860561600222,0.16,28.179444091929998,-0.44999999999999996,-32.596400420033994,0.30749248927299966,-25.0,0.2942607615407063
392,14.345669927500516,1,0,16,-1.0,-0.5,0.19672877730782967,0.36,30.85453767921685,-0.8000000000000002,-75.00046187441616,0.6856223895783121,50.0,0.2936102672211685
393,-130.32755173773654,0,1,35,-1.0,-0.5,1.47608057865181,0.14,-19.522224346303993,-1.7500000000000009,-61.52263536601957,-0.6393039379770349,-25.0,0.29219334403955144
394,-15.91209934747354,0,1,11,-0.7,-0.5,0.3285351149113681,0.16,37.813652649676584,-0.5499999999999999,-34.36284501528786,0.19704832641592707,-25.0,0.291749729679562
395,-99.75879793263097,0,1,15,-1.0,-0.5,1.4663605488760973,0.16,-19.595719316731504,-0.7500000000000001,-49.69851869185312,-0.7862045517011467,-25.0,0.291146110194105
396,-31.8608585663623,0,1,10,-1.0,-0.5,0.41138111097485514,0.16,22.50575691121386,-0.49999999999999994,-32.327718198526135,-0.3816947571075071,-25.0,0.2907445347496092
397,-40.40986585537379,0,1,10,-1.0,-0.5,0.3386120475427617,0.17,25.195028642126765,-0.49999999999999994,-43.16414462406555,-0.4364701333951382,-25.0,0.2903436280400869
398,-27.740350515655074,0,1,9,1.7,0.5,3.333372297435312,0.15,19.073197445914065,-0.44999999999999996,-24.25947095559043,0.22298360272586737,-25.0,0.2899833828494658
399,-38.81458428157858,0,1,11,-0.7,-0.5,0.8645244501193101,0.15,16.16787585564146,-0.5499999999999999,-32.030490966895556,-0.16666718033380534,-25.0,0.2895438163732975
400,-32.29621304168904,0,1,10,-0.7,-0.5,0.5435949064794097,0.17,29.822024900396034,-0.49999999999999994,-42.00212023061432,0.1719815601942516,-25.0,0.2891449091943308
401,-20.007322939811488,0,1,12,-1.0,-0.5,0.29253685574479177,0.14,27.439636915318147,-0.6,-27.267691753285398,-0.0699760897398658,-25.0,0.28866709734706
402,-38.41234352561662,0,1,10,-1.0,-0.5,0.3335454975466758,0.14,25.407233472951575,-0.49999999999999994,-41.451430620793914,-0.30904178038117025,-25.0,0.2882696501494812
403,-43.899861160957144,0,1,13,1.0,-0.5,2.0705397460594748,0.12,36.13756528751135,-0.65,-59.32294068562998,-0.2971715414984273,-25.0,0.2877539581089419
404,-39.1097959530814,0,1,9,0.0,0.5,1.8020922826774477,0.12,16.240462964897038,-0.44999999999999996,-31.611307755547898,-0.04715586718052789,-25.0,0.2873975945112949
405,-364.9421332317468,0,1,40,-1.0,-0.5,0.4240142592365244,0.12,21.994990284752255,-2.000000000000001,-301.9742625427699,-0.8655916619645201,-25.0,0.2858202076794947
406,-12.248604948401258,0,1,10,-0.7,-0.5,0.4469141217220993,0.14,33.68927519029597,-0.49999999999999994,-26.70691752117039,0.47554536369428535,-25.0,0.28542750134621087
407,40.44866406276084,1,0,13,-0.7,-0.5,0.2261274026250326,0.33,41.4183478277356,-0.65,-56.898260351601955,0.44670499083530735,50.0,0.28491796062840585
408,-18.81051942661527,0,1,12,-1.0,-0.5,0.3243064604878338,0.17,25.965209851556445,-0.6,-24.693173451032784,-0.14918832827628514,-25.0,0.2844485942300029
409,-676.8571507764216,0,1,105,0.0,0.5,1.835356789054296,0.18,14.818368718017883,-5.249999999999989,-405.0852377490106,0.1862913657292371,-25.0,0.2803814352686459
410,-153.40666525205083,0,1,26,-1.0,-0.5,1.4206784396115097,0.18,-17.261280609279737,-1.3000000000000005,-97.22923446425501,-0.5461114231737572,-25.0,0.27938527562052423
411,-202.92059251548216,0,1,26,-1.0,-0.5,0.43024379678932834,0.12,21.950409933269054,-1.3000000000000005,-175.26719254616492,-0.7863013003529176,-25.0,0.27839342332487393
412,-28.095617138062522,0,1,12,-1.0,-0.5,0.5030617179301382,0.12,18.891178680825114,-0.6,-24.988534792431352,-0.1438658912109574,-25.0,0.27793709296069846
413,-35.94508632115898,0,1,13,-1.0,-0.5,0.33306931330407946,0.17,25.320586015769948,-0.65,-40.19429792006199,-0.46334635865854423,-25.0,0.27744376389210007
414,73.4385440879949,1,0,7,-1.0,-0.5,0.20227958313324992,0.4,30.846755186713636,-0.35,-13.166746641339685,0.9166723500138074,50.0,0.2771785675621653
415,-13.120930286183132,0,1,9,1.7,0.5,2.882657157440274,0.18,36.974172816311665,-0.44999999999999996,-31.671585467497668,0.9907403870053564,-25.0,0.2768380551589705
416,73.74901021781994,1,0,7,-1.0,-0.5,0.2014453066022363,0.41,30.585545937640042,-0.35,-12.473817999898829,0.870022939557207,50.0,0.2765735650771661
417,-68.64226672269656,0,1,17,-1.0,-0.5,0.3304377608135374,0.19,25.425847561134404,-0.8500000000000002,-71.04778121991191,-0.22683355856565823,-25.0,0.2759325152255876
418,-128.15187687479352,0,1,24,-1.0,-0.5,1.532262513147179,0.19,-22.19356355314067,-1.2000000000000004,-68.60902869195397,-0.6939069989341737,-25.0,0.2750305902172683
419,-77.82683058830426,0,1,26,1.0,-0.5,2.493329116965537,0.19,19.471182553217563,-1.3000000000000005,-68.8160138055545,-0.22243139827216507,-25.0,0.27405756739836773
420,-166.91583050945673,0,1,44,-0.7,-0.5,1.559451759474765,0.17,-10.857066406997138,-2.2,-77.87117320355395,-0.8759419522353029,-25.0,0.27242048852982975
421,-97.71175437703477,0,1,41,-1.0,-0.5,0.3583902595225218,0.17,25.184031801400785,-2.0500000000000007,-80.1480616695952,0.027617807671043826,-25.0,0.2709057962840206
422,70.26419243295305,1,0,8,-1.0,-0.5,0.1460693031853126,0.41,33.332503814622356,-0.39999999999999997,-18.84157683093888,0.5715236626823703,50.0,0.27061145149577404
423,69.86706174803471,1,0,7,-1.0,-0.5,0.22247615301231816,0.32,29.82465063117806,-0.35,-15.026088716985662,0.6592313882053988,50.0,0.2703542215490078
424,63.70097267179159,1,0,9,-0.7,-0.5,0.2436704421563399,0.25,40.97687935113458,-0.44999999999999996,-33.1182476129773,0.5633518640604518,50.0,0.27002393799128077
425,64.32378566312548,1,0,8,-1.0,-0.5,0.19561173672246682,0.26,30.899229624639048,-0.39999999999999997,-21.847083885930562,0.4890130373203635,50.0,0.2697307682305654
426,70.28737479330829,1,0,7,-1.0,-0.5,0.22246621281023574,0.34,29.825051539386507,-0.35,-14.620104335614627,0.6592984016709929,50.0,0.26947456514848767
427,-259.1301141260409,0,1,38,-0.7,-0.5,1.0501155627349876,0.17,8.719078064713639,-1.900000000000001,-211.41207140053393,-0.7246384454471619,-25.0,0.26808895197579796
428,-37.900449732108676,0,1,12,-1.0,-0.5,0.43832368926584336,0.15,21.204597842680222,-0.6,-37.75386027180279,-0.34351440667012456,-25.0,0.2676532099591104
429,-84.15054281491527,0,1,22,1.0,-0.5,2.912220589010378,0.15,3.0308204569467634,-1.1000000000000003,-57.13110039354067,-0.18861655969546387,-25.0,0.2668566095158936
430,-26.173678258247435,0,1,9,-1.0,-0.5,0.4710991775529907,0.13,20.72022261904899,-0.44999999999999996,-25.314554336824468,-0.12112050509150896,-25.0,0.26653156844336934
431,-5.222072861449092,0,1,16,1.0,-0.5,1.1568988803174953,0.12,72.45736242730258,-0.8000000000000002,-62.16310238003361,0.9301202450715566,-25.0,0.26595492013365074
432,-11.904912368850532,0,1,9,0.0,0.5,1.3992607483019395,0.13,32.675608698737776,-0.44999999999999996,-25.7211862369411,0.9625775180384637,-25.0,0.2656312305813064
433,68.8828478525875,1,0,8,-1.0,-0.5,0.17415508109242447,0.37,31.771041223127177,-0.39999999999999997,-19.329018458269267,0.9296006949302642,50.0,0.26534391386091033
434,-31.23345762219241,0,1,10,1.7,0.5,3.433846384205557,0.14,15.064571262956736,-0.49999999999999994,-23.15106489689351,0.12874944814540312,-25.0,0.26498530626048683
435,-19.083940214110893,0,1,8,-1.0,-0.5,0.37103636479689484,0.18,24.679544152954172,-0.39999999999999997,-22.452191744346997,0.11189174830427195,-25.0,0.2646988501986187
436,-102.8783053448397,0,1,33,-0.7,-0.5,1.637177650873621,0.12,-14.725640534337616,-1.6500000000000008,-37.982603751389654,-0.9362679783122136,-25.0,0.26352124789739234
437,66.81293566883727,1,0,9,-1.0,-0.5,0.17606492894687273,0.34,31.703735315614253,-0.44999999999999996,-20.141108958372158,0.21612738948364152,50.0,0.26320120611688946
438,-110.12916534466893,0,1,28,-1.0,-0.5,1.1391857241247876,0.17,-6.508288550853227,-1.4000000000000006,-66.14931121882077,-0.4953457854422332,-25.0,0.2622085850722043
439,-40.03539449703535,0,1,16,-0.7,-0.5,0.7366648312519614,0.13,21.38258851904544,-0.8000000000000002,-39.71533680429169,0.14198546411748303,-25.0,0.2616434493611882
440,-139.71506072647452,0,1,31,-0.7,-0.5,1.5793607226705555,0.19,-12.11696180816066,-1.5500000000000007,-80.50764266521094,-0.8042990724460681,-25.0,0.2605527781995603
441,-208.9761393930039,0,1,41,-0.7,-0.5,1.5818144811778831,0.15,-11.751505708935108,-2.0500000000000007,-135.1346262722886,-0.8632529290709616,-25.0,0.25911890552631656
442,-135.2576573139791,0,1,35,-1.0,-0.5,1.3510171231728307,0.15,-14.877001349713685,-1.7500000000000009,-68.31794469914391,-0.9419612923665936,-25.0,0.2579025962617911
443,-159.00555505456848,0,1,28,-1.0,-0.5,1.5071909039600657,0.12,-21.228931152051203,-1.4000000000000006,-97.01210328861431,-0.7755281188175243,-25.0,0.25693464445676706
444,-65.55273711463154,0,1,17,-1.0,-0.5,1.00283387354774,0.18,-1.0545957716886383,-0.8500000000000002,-38.206330213884854,-0.4629494845702715,-25.0,0.25634915945956416
445,-45.61762156459933,0,1,19,-0.7,-0.5,0.7421151888136319,0.12,21.267683183826353,-0.9500000000000003,-45.79291045428235,0.0973564674096522,-25.0,0.2556967539751406
446,-87.00022783684612,0,1,33,-0.7,-0.5,1.6557240655236867,0.16,-15.484192042937392,-1.6500000000000008,-23.585766180122555,-0.8626804731526532,-25.0,0.2545685272957157
447,-45.94152565498349,0,1,16,-1.0,-0.5,0.7792359456364777,0.17,7.9076266488232765,-0.8000000000000002,-29.323576693869136,-0.218434491938589,-25.0,0.25402373793158406
448,-80.66576845606849,0,1,17,-1.0,-0.5,1.4012928805826916,0.15,-16.530711572630032,-0.8500000000000002,-35.50228871128864,-0.6506030236276132,-25.0,0.25344648882984094
449,-91.37737959032685,0,1,18,-1.0,-0.5,1.2705388652703087,0.18,-11.721920231746061,-0.9000000000000002,-50.33907358128146,-0.5058905738244772,-25.0,0.25283706395772815
450,-82.2723815709227,0,1,15,1.7,0.5,4.072742849983525,0.19,-10.05857741072397,-0.7500000000000001,-43.2384965369705,-0.32175472058731813,-25.0,0.2523306046357672
451,-128.3286225818091,0,1,18,-1.0,-0.5,1.5276199489712972,0.12,-22.008508588742657,-0.9000000000000002,-72.44312190770773,-0.8308662498352697,-25.0,0.2517245223997755
452,-107.74136190887583,0,1,20,-1.0,-0.5,1.4046015780259458,0.18,-17.12755658581962,-1.0000000000000002,-58.96339137896717,-0.7017191864078174,-25.0,0.25105322677272457
453,-166.54071465566295,0,1,32,-1.0,-0.5,1.616304534948596,0.13,-25.5267518688732,-1.6000000000000008,-95.20293525196999,-0.6043169652691274,-25.0,0.2499837972436238
454,-114.08087022229346,0,1,35,-1.0,-0.5,1.8955857077495701,0.19,-36.68046161133738,-1.7500000000000009,-24.340584198931353,-0.8612563583494381,-25.0,0.2488206209888026
455,-65.15804752385745,0,1,27,-0.7,-0.5,1.019332057254312,0.15,10.363502462573262,-1.3500000000000005,-43.30439614411674,-0.170543611581091,-25.0,0.2479279382369463
456,-57.31189951619278,0,1,23,-1.0,-0.5,0.5334396597161224,0.13,17.789545744573378,-1.1500000000000004,-48.968212193191626,0.1413222753143868,-25.0,0.2471706668378596
457,-54.761706492888386,0,1,23,-1.0,-0.5,0.5324116686615905,0.13,17.796522661437937,-1.1500000000000004,-47.18848728453855,-0.19047216063945527,-25.0,0.24641629275573068
458,-49.07332872319239,0,1,17,-1.0,-0.5,0.760293113880747,0.15,8.655121570372739,-0.8500000000000002,-32.84915370938685,-0.37637290107388655,-25.0,0.24586056757536479
459,-119.66510005601091,0,1,22,-0.7,-0.5,1.5858318474786166,0.12,-12.295772592898457,-1.1000000000000003,-75.52811293861333,-0.5736365039067488,-25.0,0.2451437271714555
460,-41.8277399234518,0,1,25,-0.7,-0.5,0.8362656618673983,0.19,17.63941578321281,-1.2500000000000004,-33.708511743453144,-0.04268649573942018,-25.0,0.24433231991393822
461,-21.97274740927883,0,1,21,-0.7,-0.5,0.6167271730838123,0.19,26.892341459881667,-1.0500000000000003,-29.013680501378524,0.029585267643277624,-25.0,0.24365334569224673
462,-33.041745429811094,0,1,12,-1.0,-0.5,0.31812774421928547,0.16,26.39656961381949,-0.6,-39.33633319822603,0.35745834352547945,-25.0,0.24326642604947823
463,-196.16491794128524,0,1,44,1.0,-0.5,3.1751522548454467,0.16,-7.947387713555507,-2.2,-119.62759051998844,-0.7661263142039934,-25.0,0.2418543229647343
464,-38.17675074589883,0,1,17,-1.0,-0.5,0.6108459808677484,0.19,14.708676194032435,-0.8500000000000002,-29.6105929866402,-0.023048058432330487,-25.0,0.2413115050714847
465,-33.16629346385366,0,1,21,-0.7,-0.5,0.4022017415432734,0.16,35.05387923326881,-1.0500000000000003,-46.22705012389916,-0.041534090443966276,-25.0,0.24064308522081834
466,-27.64260120784804,0,1,21,-1.0,-0.5,0.5051043753678821,0.15,19.361665450773593,-1.0500000000000003,-24.692365266636017,-0.030583098317339852,-25.0,0.2399770007503299
467,-69.54532692064265,0,1,22,-0.7,-0.5,0.6271074226005071,0.12,26.01916038212805,-1.1000000000000003,-69.03354664209793,-0.3874701401798055,-25.0,0.23928169392243082
468,-42.12478720684608,0,1,10,-0.7,-0.5,1.01870676606719,0.19,10.348819065309439,-0.49999999999999994,-28.863524813751525,-0.18540535882516407,-25.0,0.23896648717781177
469,-139.75121811008,0,1,33,-0.7,-0.5,1.7056826206261062,0.14,-17.130863217360755,-1.6500000000000008,-77.0043719805833,-0.915750873900286,-25.0,0.2379300243837661
470,-100.15438431114168,0,1,19,-1.0,-0.5,1.3460312208771965,0.17,-14.74415670812042,-0.9500000000000003,-54.95491245365737,-0.5620706316154962,-25.0,0.23733585390632417
471,-79.95991464411907,0,1,19,1.7,0.5,3.6753981986347766,0.17,5.432641310662447,-0.9500000000000003,-56.420594295881195,-0.016747103632061666,-25.0,0.2367435619927648
472,-45.903190728115206,0,1,18,-0.7,-0.5,0.9248316060930154,0.15,13.768857889823808,-0.9000000000000002,-37.63247546542347,-0.28864954691246614,-25.0,0.2361841708130994
473,-107.51562713687608,0,1,16,-0.7,-0.5,1.6163646313830113,0.12,-13.578475053781842,-0.8000000000000002,-63.38526491776129,-0.9794888591012056,-25.0,0.2356883410910522
474,-49.268692611473426,0,1,19,-0.7,-0.5,1.0024336680173198,0.18,10.882842978692986,-0.9500000000000003,-36.08730376958365,-0.25587109140809305,-25.0,0.23510125804967413
475,-63.094674174336426,0,1,14,-1.0,-0.5,0.9986994576283283,0.17,-0.3865392602469191,-0.7000000000000001,-37.156882949455685,-0.49164243543117125,-25.0,0.2346698586092995
476,58.67116684788053,1,0,10,-0.7,-0.5,0.22672514784474565,0.27,41.80853065010897,-0.49999999999999994,-39.33061079581164,0.35784979252861926,50.0,0.23436233185509925
477,62.37585206897939,1,0,10,-0.7,-0.5,0.17586242707727545,0.34,43.68951822593026,-0.49999999999999994,-38.030193653333825,0.5267256217479507,50.0,0.234055317218606
478,58.37397296911893,1,0,9,-1.0,-0.5,0.22157276788370672,0.34,29.86110683076379,-0.44999999999999996,-28.18002640548524,0.8434710147051943,50.0,0.23377944120151767
479,-23.925477433688275,0,1,10,-0.7,-0.5,0.7568023473649528,0.12,20.790825030081404,-0.49999999999999994,-23.551529437734644,0.09816805322380662,-25.0,0.23347339724032634
480,75.46109825387862,1,0,10,-0.7,-0.5,0.14880439133971052,0.38,44.78485291167797,-0.49999999999999994,-26.903717877963736,0.9583817281215361,50.0,0.23316786292757857
481,-69.91036988530308,0,1,25,1.0,-0.5,1.290164003789853,0.12,67.11745293229535,-1.2500000000000004,-115.88840942614756,0.2828248296862157,-25.0,0.23240625129149056
482,-120.6698508506015,0,1,35,-0.7,-0.5,2.1435959786386385,0.13,-34.641841447219825,-1.7500000000000009,-30.480608169116998,-0.9978703028679379,-25.0,0.2313453122396396
483,-161.5966568127505,0,1,29,-0.7,-0.5,2.0824740061171236,0.19,-32.15982320269187,-1.4500000000000006,-88.29169988464793,-0.5603711407880372,-25.0,0.2304709247025839
484,-66.7479130976055,0,1,17,-0.7,-0.5,1.1468573692140869,0.13,5.691551971904847,-0.8500000000000002,-46.86107172751164,-0.37518379931042123,-25.0,0.229960314122504
485,21.00720913663595,1,0,25,-0.7,-0.5,0.24676762580457878,0.34,41.25534337177324,-1.2500000000000004,-71.92061891339043,0.10208296943586148,50.0,0.22921203946842922
486,-33.334853624311314,0,1,23,-1.0,-0.5,0.481059774687115,0.16,20.278605443752568,-1.1500000000000004,-29.990138245440956,0.16891327504309384,-25.0,0.22852637501362655
487,-23.657329111700932,0,1,14,1.7,0.5,2.994016443784,0.13,32.68390636037875,-0.7000000000000001,-39.585070890062774,0.9002100271198107,-25.0,0.22811029908262276
488,-31.01379345865497,0,1,16,-0.7,-0.5,0.7028163910303693,0.12,22.978869534782312,-0.8000000000000002,-32.816680010748996,-0.021639579948539822,-25.0,0.22763597100359112
489,-136.74655927776928,0,1,35,-0.7,-0.5,2.2533749603008277,0.19,-38.57102434818953,-1.7500000000000009,-47.43108589259148,-0.8133945093591988,-25.0,0.22660277758331732
490,-103.12175425931835,0,1,31,1.0,-0.5,2.4605476252893226,0.16,20.671091135859676,-1.5500000000000007,-91.31049342403865,0.28488708302821664,-25.0,0.2256926830013451
491,-36.43955220679232,0,1,15,-0.7,-0.5,0.8695186359037299,0.17,16.31915037966899,-0.7500000000000001,-30.374025103009522,0.07329830179303531,-25.0,0.22525399987622896
492,71.53814107561776,1,0,14,-0.7,-0.5,0.1418270881180114,0.34,45.403690712459344,-0.7000000000000001,-31.525511766581403,0.6000055784123719,50.0,0.22484555058600464
493,-13.134464052747617,0,1,12,-0.7,-0.5,0.527099269222212,0.19,29.873209457933502,-0.6,-23.92056500320369,0.44799300018745114,-25.0,0.22449620894292288
494,-68.07173312960464,0,1,29,1.0,-0.5,3.1807190826373204,0.13,-8.17129964538914,-1.4500000000000006,-22.408199078635974,-0.5806240133790947,-25.0,0.22365484553253856
495,-32.11269005644632,0,1,22,-0.7,-0.5,0.6952352707115655,0.12,23.315469608431396,-1.1000000000000003,-32.85072811145989,0.3177461291032482,-25.0,0.22301927701993096
496,-18.613842769638623,0,1,10,-1.0,-0.5,0.2695173681157236,0.12,28.16089482234871,-0.49999999999999994,-26.3910641564661,0.007224567756175637,-25.0,0.2227311517293356
497,-25.930640156540505,0,1,10,-0.7,-0.5,0.6175618303594347,0.13,26.051585872518373,-0.49999999999999994,-31.1470885365035,0.0058064591936176635,-25.0,0.22244350624760612
498,-348.32495545739135,0,1,45,-0.7,-0.5,1.4835559789378616,0.12,-8.602310945044648,-2.25,-248.46903063285086,-0.21448585537566278,-25.0,0.22115501782212843
499,-91.62223134860798,0,1,18,-0.7,-0.5,1.650789634643725,0.18,-14.85034354476074,-0.9000000000000002,-47.18526650978463,-0.5519643439222419,-25.0,0.22064232219662194
500,73.99040368712727,1,0,9,-0.7,-0.5,0.20632554049216958,0.41,42.737966033858086,-0.44999999999999996,-25.405951014656488,0.8140108684120934,50.0,0.22038655058998918
